[{"fields": {"model": "logentry", "name": "log entry", "app_label": "admin"}, "model": "contenttypes.contenttype", "pk": 1}, {"fields": {"model": "permission", "name": "permission", "app_label": "auth"}, "model": "contenttypes.contenttype", "pk": 2}, {"fields": {"model": "group", "name": "group", "app_label": "auth"}, "model": "contenttypes.contenttype", "pk": 3}, {"fields": {"model": "user", "name": "user", "app_label": "auth"}, "model": "contenttypes.contenttype", "pk": 4}, {"fields": {"model": "contenttype", "name": "content type", "app_label": "contenttypes"}, "model": "contenttypes.contenttype", "pk": 5}, {"fields": {"model": "session", "name": "session", "app_label": "sessions"}, "model": "contenttypes.contenttype", "pk": 6}, {"fields": {"model": "person", "name": "person", "app_label": "polls"}, "model": "contenttypes.contenttype", "pk": 7}, {"fields": {"model": "poll", "name": "Prueba", "app_label": "polls"}, "model": "contenttypes.contenttype", "pk": 8}, {"fields": {"model": "pollsection", "name": "poll section", "app_label": "polls"}, "model": "contenttypes.contenttype", "pk": 9}, {"fields": {"model": "question", "name": "Pregunta", "app_label": "polls"}, "model": "contenttypes.contenttype", "pk": 10}, {"fields": {"model": "option", "name": "option", "app_label": "polls"}, "model": "contenttypes.contenttype", "pk": 11}, {"fields": {"model": "application", "name": "application", "app_label": "frontend"}, "model": "contenttypes.contenttype", "pk": 12}, {"fields": {"model": "answer", "name": "answer", "app_label": "frontend"}, "model": "contenttypes.contenttype", "pk": 13}, {"fields": {"model": "municipio", "name": "municipio", "app_label": "polls"}, "model": "contenttypes.contenttype", "pk": 14}, {"fields": {"model": "carreer", "name": "carreer", "app_label": "polls"}, "model": "contenttypes.contenttype", "pk": 15}, {"fields": {"expire_date": "2014-11-19T19:46:30.268Z", "session_data": "ZmEwN2FhNWVhNjJkZGI3N2Y2M2I5ZTZlZTVjM2IyM2NlNmQ1OGNiNzp7fQ=="}, "model": "sessions.session", "pk": "cfj5nzjsts7by3a628nev9ydnh13i43l"}, {"fields": {"expire_date": "2014-11-14T03:44:52.122Z", "session_data": "Nzc2ZGQ5ZWVmZWQxNjk2ZmUwYTM4NjViZmMzYTUyYmM3ZWQxMjMyOTp7Il9hdXRoX3VzZXJfYmFja2VuZCI6ImRqYW5nby5jb250cmliLmF1dGguYmFja2VuZHMuTW9kZWxCYWNrZW5kIiwiX2F1dGhfdXNlcl9oYXNoIjoiZjA5NGEyNDgxZDk3YzYwODM3YzQ4NmI3YjljODEwMDVkYWUzZGI0MyIsIl9hdXRoX3VzZXJfaWQiOjEsIl9tZXNzYWdlcyI6IltbXCJfX2pzb25fbWVzc2FnZVwiLDAsMjUsXCJUaGUgT3BjaVxcdTAwZjNuIFxcXCIwOiBNb2RlcmFkbyBhIGZ1ZXJ0ZVxcXCIgd2FzIGFkZGVkIHN1Y2Nlc3NmdWxseS5cIl0sW1wiX19qc29uX21lc3NhZ2VcIiwwLDI1LFwiVGhlIE9wY2lcXHUwMGYzbiBcXFwiMTogRFxcdTAwZTliaWxcXFwiIHdhcyBhZGRlZCBzdWNjZXNzZnVsbHkuXCJdLFtcIl9fanNvbl9tZXNzYWdlXCIsMCwyNSxcIlRoZSBPcGNpXFx1MDBmM24gXFxcIjI6IE5pbmd1bm9cXFwiIHdhcyBhZGRlZCBzdWNjZXNzZnVsbHkuXCJdLFtcIl9fanNvbl9tZXNzYWdlXCIsMCwyNSxcIlRoZSBTZWNjaVxcdTAwZjNuIFxcXCJJLiBDQVJBQ1RFUlxcdTAwY2RTVElDQVMgREUgQUNUSVRVREVTIEhBQ0lBIFZJVklSL01PUklSXFxcIiB3YXMgY2hhbmdlZCBzdWNjZXNzZnVsbHkuXCJdLFtcIl9fanNvbl9tZXNzYWdlXCIsMCwyNSxcIlRoZSBTZWNjaVxcdTAwZjNuIFxcXCJJLiBDQVJBQ1RFUlxcdTAwY2RTVElDQVMgREUgQUNUSVRVREVTIEhBQ0lBIFZJVklSL01PUklSXFxcIiB3YXMgY2hhbmdlZCBzdWNjZXNzZnVsbHkuXCJdLFtcIl9fanNvbl9tZXNzYWdlXCIsMCwyNSxcIlRoZSBPcGNpXFx1MDBmM24gXFxcIlByZWd1bnRhIDIgPj4gMDogTmluZ3Vub1xcXCIgd2FzIGFkZGVkIHN1Y2Nlc3NmdWxseS5cIl1dIn0="}, "model": "sessions.session", "pk": "ck691f1f2vpyh994wcnhf281vl9iy9im"}, {"fields": {"expire_date": "2014-11-19T19:44:50.288Z", "session_data": "ZmEwN2FhNWVhNjJkZGI3N2Y2M2I5ZTZlZTVjM2IyM2NlNmQ1OGNiNzp7fQ=="}, "model": "sessions.session", "pk": "z5euzpwjhj9kvwerzndyym3yeho4075c"}, {"fields": {"nombre": "EL ENCANTO"}, "model": "polls.municipio", "pk": 1}, {"fields": {"nombre": "LA CHORRERA"}, "model": "polls.municipio", "pk": 2}, {"fields": {"nombre": "LA PEDRERA"}, "model": "polls.municipio", "pk": 3}, {"fields": {"nombre": "LA VICTORIA"}, "model": "polls.municipio", "pk": 4}, {"fields": {"nombre": "LETICIA"}, "model": "polls.municipio", "pk": 5}, {"fields": {"nombre": "MIRITI"}, "model": "polls.municipio", "pk": 6}, {"fields": {"nombre": "PUERTO ALEGRIA"}, "model": "polls.municipio", "pk": 7}, {"fields": {"nombre": "PUERTO ARICA"}, "model": "polls.municipio", "pk": 8}, {"fields": {"nombre": "PUERTO NARI\u00d1O"}, "model": "polls.municipio", "pk": 9}, {"fields": {"nombre": "PUERTO SANTANDER"}, "model": "polls.municipio", "pk": 10}, {"fields": {"nombre": "TURAPACA"}, "model": "polls.municipio", "pk": 11}, {"fields": {"nombre": "ABEJORRAL"}, "model": "polls.municipio", "pk": 12}, {"fields": {"nombre": "ABRIAQUI"}, "model": "polls.municipio", "pk": 13}, {"fields": {"nombre": "ALEJANDRIA"}, "model": "polls.municipio", "pk": 14}, {"fields": {"nombre": "AMAGA"}, "model": "polls.municipio", "pk": 15}, {"fields": {"nombre": "AMALFI"}, "model": "polls.municipio", "pk": 16}, {"fields": {"nombre": "ANDES"}, "model": "polls.municipio", "pk": 17}, {"fields": {"nombre": "ANGELOPOLIS"}, "model": "polls.municipio", "pk": 18}, {"fields": {"nombre": "ANGOSTURA"}, "model": "polls.municipio", "pk": 19}, {"fields": {"nombre": "ANORI"}, "model": "polls.municipio", "pk": 20}, {"fields": {"nombre": "ANTIOQUIA"}, "model": "polls.municipio", "pk": 21}, {"fields": {"nombre": "ANZA"}, "model": "polls.municipio", "pk": 22}, {"fields": {"nombre": "APARTADO"}, "model": "polls.municipio", "pk": 23}, {"fields": {"nombre": "ARBOLETES"}, "model": "polls.municipio", "pk": 24}, {"fields": {"nombre": "ARGELIA"}, "model": "polls.municipio", "pk": 25}, {"fields": {"nombre": "ARMENIA"}, "model": "polls.municipio", "pk": 26}, {"fields": {"nombre": "BARBOSA"}, "model": "polls.municipio", "pk": 27}, {"fields": {"nombre": "BELLO"}, "model": "polls.municipio", "pk": 28}, {"fields": {"nombre": "BELMIRA"}, "model": "polls.municipio", "pk": 29}, {"fields": {"nombre": "BETANIA"}, "model": "polls.municipio", "pk": 30}, {"fields": {"nombre": "BETULIA"}, "model": "polls.municipio", "pk": 31}, {"fields": {"nombre": "BOLIVAR"}, "model": "polls.municipio", "pk": 32}, {"fields": {"nombre": "BRICE\u00d1O"}, "model": "polls.municipio", "pk": 33}, {"fields": {"nombre": "BURITICA"}, "model": "polls.municipio", "pk": 34}, {"fields": {"nombre": "CACERES"}, "model": "polls.municipio", "pk": 35}, {"fields": {"nombre": "CAICEDO"}, "model": "polls.municipio", "pk": 36}, {"fields": {"nombre": "CALDAS"}, "model": "polls.municipio", "pk": 37}, {"fields": {"nombre": "CAMPAMENTO"}, "model": "polls.municipio", "pk": 38}, {"fields": {"nombre": "CANASGORDAS"}, "model": "polls.municipio", "pk": 39}, {"fields": {"nombre": "CARACOLI"}, "model": "polls.municipio", "pk": 40}, {"fields": {"nombre": "CARAMANTA"}, "model": "polls.municipio", "pk": 41}, {"fields": {"nombre": "CAREPA"}, "model": "polls.municipio", "pk": 42}, {"fields": {"nombre": "CARMEN DE VIBORAL"}, "model": "polls.municipio", "pk": 43}, {"fields": {"nombre": "CAROLINA DEL PRINCIPE"}, "model": "polls.municipio", "pk": 44}, {"fields": {"nombre": "CAUCASIA"}, "model": "polls.municipio", "pk": 45}, {"fields": {"nombre": "CHIGORODO"}, "model": "polls.municipio", "pk": 46}, {"fields": {"nombre": "CISNEROS"}, "model": "polls.municipio", "pk": 47}, {"fields": {"nombre": "COCORNA"}, "model": "polls.municipio", "pk": 48}, {"fields": {"nombre": "CONCEPCION"}, "model": "polls.municipio", "pk": 49}, {"fields": {"nombre": "CONCORDIA"}, "model": "polls.municipio", "pk": 50}, {"fields": {"nombre": "COPACABANA"}, "model": "polls.municipio", "pk": 51}, {"fields": {"nombre": "DABEIBA"}, "model": "polls.municipio", "pk": 52}, {"fields": {"nombre": "DONMATIAS"}, "model": "polls.municipio", "pk": 53}, {"fields": {"nombre": "EBEJICO"}, "model": "polls.municipio", "pk": 54}, {"fields": {"nombre": "EL BAGRE"}, "model": "polls.municipio", "pk": 55}, {"fields": {"nombre": "EL PENOL"}, "model": "polls.municipio", "pk": 56}, {"fields": {"nombre": "EL RETIRO"}, "model": "polls.municipio", "pk": 57}, {"fields": {"nombre": "ENTRERRIOS"}, "model": "polls.municipio", "pk": 58}, {"fields": {"nombre": "ENVIGADO"}, "model": "polls.municipio", "pk": 59}, {"fields": {"nombre": "FREDONIA"}, "model": "polls.municipio", "pk": 60}, {"fields": {"nombre": "FRONTINO"}, "model": "polls.municipio", "pk": 61}, {"fields": {"nombre": "GIRALDO"}, "model": "polls.municipio", "pk": 62}, {"fields": {"nombre": "GIRARDOTA"}, "model": "polls.municipio", "pk": 63}, {"fields": {"nombre": "GOMEZ PLATA"}, "model": "polls.municipio", "pk": 64}, {"fields": {"nombre": "GRANADA"}, "model": "polls.municipio", "pk": 65}, {"fields": {"nombre": "GUADALUPE"}, "model": "polls.municipio", "pk": 66}, {"fields": {"nombre": "GUARNE"}, "model": "polls.municipio", "pk": 67}, {"fields": {"nombre": "GUATAQUE"}, "model": "polls.municipio", "pk": 68}, {"fields": {"nombre": "HELICONIA"}, "model": "polls.municipio", "pk": 69}, {"fields": {"nombre": "HISPANIA"}, "model": "polls.municipio", "pk": 70}, {"fields": {"nombre": "ITAGUI"}, "model": "polls.municipio", "pk": 71}, {"fields": {"nombre": "ITUANGO"}, "model": "polls.municipio", "pk": 72}, {"fields": {"nombre": "JARDIN"}, "model": "polls.municipio", "pk": 73}, {"fields": {"nombre": "JERICO"}, "model": "polls.municipio", "pk": 74}, {"fields": {"nombre": "LA CEJA"}, "model": "polls.municipio", "pk": 75}, {"fields": {"nombre": "LA ESTRELLA"}, "model": "polls.municipio", "pk": 76}, {"fields": {"nombre": "LA PINTADA"}, "model": "polls.municipio", "pk": 77}, {"fields": {"nombre": "LA UNION"}, "model": "polls.municipio", "pk": 78}, {"fields": {"nombre": "LIBORINA"}, "model": "polls.municipio", "pk": 79}, {"fields": {"nombre": "MACEO"}, "model": "polls.municipio", "pk": 80}, {"fields": {"nombre": "MARINILLA"}, "model": "polls.municipio", "pk": 81}, {"fields": {"nombre": "MEDELLIN"}, "model": "polls.municipio", "pk": 82}, {"fields": {"nombre": "MONTEBELLO"}, "model": "polls.municipio", "pk": 83}, {"fields": {"nombre": "MURINDO"}, "model": "polls.municipio", "pk": 84}, {"fields": {"nombre": "MUTATA"}, "model": "polls.municipio", "pk": 85}, {"fields": {"nombre": "NARINO"}, "model": "polls.municipio", "pk": 86}, {"fields": {"nombre": "NECHI"}, "model": "polls.municipio", "pk": 87}, {"fields": {"nombre": "NECOCLI"}, "model": "polls.municipio", "pk": 88}, {"fields": {"nombre": "OLAYA"}, "model": "polls.municipio", "pk": 89}, {"fields": {"nombre": "PEQUE"}, "model": "polls.municipio", "pk": 90}, {"fields": {"nombre": "PUEBLORRICO"}, "model": "polls.municipio", "pk": 91}, {"fields": {"nombre": "PUERTO BERRIO"}, "model": "polls.municipio", "pk": 92}, {"fields": {"nombre": "PUERTO NARE"}, "model": "polls.municipio", "pk": 93}, {"fields": {"nombre": "PUERTO TRIUNFO"}, "model": "polls.municipio", "pk": 94}, {"fields": {"nombre": "REMEDIOS"}, "model": "polls.municipio", "pk": 95}, {"fields": {"nombre": "RIONEGRO"}, "model": "polls.municipio", "pk": 96}, {"fields": {"nombre": "SABANALARGA"}, "model": "polls.municipio", "pk": 97}, {"fields": {"nombre": "SABANETA"}, "model": "polls.municipio", "pk": 98}, {"fields": {"nombre": "SALGAR"}, "model": "polls.municipio", "pk": 99}, {"fields": {"nombre": "SAN ANDRES DE CUERQUIA"}, "model": "polls.municipio", "pk": 100}, {"fields": {"nombre": "SAN CARLOS"}, "model": "polls.municipio", "pk": 101}, {"fields": {"nombre": "SAN FRANCISCO"}, "model": "polls.municipio", "pk": 102}, {"fields": {"nombre": "SAN JERONIMO"}, "model": "polls.municipio", "pk": 103}, {"fields": {"nombre": "SAN JOSE DE LA MONTA\u00d1A"}, "model": "polls.municipio", "pk": 104}, {"fields": {"nombre": "SAN JUAN DE URABA"}, "model": "polls.municipio", "pk": 105}, {"fields": {"nombre": "SAN LUIS"}, "model": "polls.municipio", "pk": 106}, {"fields": {"nombre": "SAN PEDRO DE LOS MILAGROS"}, "model": "polls.municipio", "pk": 107}, {"fields": {"nombre": "SAN PEDRO DE URABA"}, "model": "polls.municipio", "pk": 108}, {"fields": {"nombre": "SAN RAFAEL"}, "model": "polls.municipio", "pk": 109}, {"fields": {"nombre": "SAN ROQUE"}, "model": "polls.municipio", "pk": 110}, {"fields": {"nombre": "SAN VICENTE"}, "model": "polls.municipio", "pk": 111}, {"fields": {"nombre": "SANTA BARBARA"}, "model": "polls.municipio", "pk": 112}, {"fields": {"nombre": "SANTA ROSA DE OSOS"}, "model": "polls.municipio", "pk": 113}, {"fields": {"nombre": "SANTO DOMINGO"}, "model": "polls.municipio", "pk": 114}, {"fields": {"nombre": "SANTUARIO"}, "model": "polls.municipio", "pk": 115}, {"fields": {"nombre": "SEGOVIA"}, "model": "polls.municipio", "pk": 116}, {"fields": {"nombre": "SONSON"}, "model": "polls.municipio", "pk": 117}, {"fields": {"nombre": "SOPETRAN"}, "model": "polls.municipio", "pk": 118}, {"fields": {"nombre": "TAMESIS"}, "model": "polls.municipio", "pk": 119}, {"fields": {"nombre": "TARAZA"}, "model": "polls.municipio", "pk": 120}, {"fields": {"nombre": "TARSO"}, "model": "polls.municipio", "pk": 121}, {"fields": {"nombre": "TITIRIBI"}, "model": "polls.municipio", "pk": 122}, {"fields": {"nombre": "TOLEDO"}, "model": "polls.municipio", "pk": 123}, {"fields": {"nombre": "TURBO"}, "model": "polls.municipio", "pk": 124}, {"fields": {"nombre": "URAMITA"}, "model": "polls.municipio", "pk": 125}, {"fields": {"nombre": "URRAO"}, "model": "polls.municipio", "pk": 126}, {"fields": {"nombre": "VALDIVIA"}, "model": "polls.municipio", "pk": 127}, {"fields": {"nombre": "VALPARAISO"}, "model": "polls.municipio", "pk": 128}, {"fields": {"nombre": "VEGACHI"}, "model": "polls.municipio", "pk": 129}, {"fields": {"nombre": "VENECIA"}, "model": "polls.municipio", "pk": 130}, {"fields": {"nombre": "VIGIA DEL FUERTE"}, "model": "polls.municipio", "pk": 131}, {"fields": {"nombre": "YALI"}, "model": "polls.municipio", "pk": 132}, {"fields": {"nombre": "YARUMAL"}, "model": "polls.municipio", "pk": 133}, {"fields": {"nombre": "YOLOMBO"}, "model": "polls.municipio", "pk": 134}, {"fields": {"nombre": "YONDO"}, "model": "polls.municipio", "pk": 135}, {"fields": {"nombre": "ZARAGOZA"}, "model": "polls.municipio", "pk": 136}, {"fields": {"nombre": "ARAUCA"}, "model": "polls.municipio", "pk": 137}, {"fields": {"nombre": "ARAUQUITA"}, "model": "polls.municipio", "pk": 138}, {"fields": {"nombre": "CRAVO NORTE"}, "model": "polls.municipio", "pk": 139}, {"fields": {"nombre": "FORTUL"}, "model": "polls.municipio", "pk": 140}, {"fields": {"nombre": "PUERTO RONDON"}, "model": "polls.municipio", "pk": 141}, {"fields": {"nombre": "SARAVENA"}, "model": "polls.municipio", "pk": 142}, {"fields": {"nombre": "TAME"}, "model": "polls.municipio", "pk": 143}, {"fields": {"nombre": "BARANOA"}, "model": "polls.municipio", "pk": 144}, {"fields": {"nombre": "BARRANQUILLA"}, "model": "polls.municipio", "pk": 145}, {"fields": {"nombre": "CAMPO DE LA CRUZ"}, "model": "polls.municipio", "pk": 146}, {"fields": {"nombre": "CANDELARIA"}, "model": "polls.municipio", "pk": 147}, {"fields": {"nombre": "GALAPA"}, "model": "polls.municipio", "pk": 148}, {"fields": {"nombre": "JUAN DE ACOSTA"}, "model": "polls.municipio", "pk": 149}, {"fields": {"nombre": "LURUACO"}, "model": "polls.municipio", "pk": 150}, {"fields": {"nombre": "MALAMBO"}, "model": "polls.municipio", "pk": 151}, {"fields": {"nombre": "MANATI"}, "model": "polls.municipio", "pk": 152}, {"fields": {"nombre": "PALMAR DE VARELA"}, "model": "polls.municipio", "pk": 153}, {"fields": {"nombre": "PIOJO"}, "model": "polls.municipio", "pk": 154}, {"fields": {"nombre": "POLO NUEVO"}, "model": "polls.municipio", "pk": 155}, {"fields": {"nombre": "PONEDERA"}, "model": "polls.municipio", "pk": 156}, {"fields": {"nombre": "PUERTO COLOMBIA"}, "model": "polls.municipio", "pk": 157}, {"fields": {"nombre": "REPELON"}, "model": "polls.municipio", "pk": 158}, {"fields": {"nombre": "SABANAGRANDE"}, "model": "polls.municipio", "pk": 159}, {"fields": {"nombre": "SABANALARGA"}, "model": "polls.municipio", "pk": 160}, {"fields": {"nombre": "SANTA LUCIA"}, "model": "polls.municipio", "pk": 161}, {"fields": {"nombre": "SANTO TOMAS"}, "model": "polls.municipio", "pk": 162}, {"fields": {"nombre": "SOLEDAD"}, "model": "polls.municipio", "pk": 163}, {"fields": {"nombre": "SUAN"}, "model": "polls.municipio", "pk": 164}, {"fields": {"nombre": "TUBARA"}, "model": "polls.municipio", "pk": 165}, {"fields": {"nombre": "USIACURI"}, "model": "polls.municipio", "pk": 166}, {"fields": {"nombre": "ACHI"}, "model": "polls.municipio", "pk": 167}, {"fields": {"nombre": "ALTOS DEL ROSARIO"}, "model": "polls.municipio", "pk": 168}, {"fields": {"nombre": "ARENAL"}, "model": "polls.municipio", "pk": 169}, {"fields": {"nombre": "ARJONA"}, "model": "polls.municipio", "pk": 170}, {"fields": {"nombre": "ARROYOHONDO"}, "model": "polls.municipio", "pk": 171}, {"fields": {"nombre": "BARRANCO DE LOBA"}, "model": "polls.municipio", "pk": 172}, {"fields": {"nombre": "BRAZUELO DE PAPAYAL"}, "model": "polls.municipio", "pk": 173}, {"fields": {"nombre": "CALAMAR"}, "model": "polls.municipio", "pk": 174}, {"fields": {"nombre": "CANTAGALLO"}, "model": "polls.municipio", "pk": 175}, {"fields": {"nombre": "CARTAGENA DE INDIAS"}, "model": "polls.municipio", "pk": 176}, {"fields": {"nombre": "CICUCO"}, "model": "polls.municipio", "pk": 177}, {"fields": {"nombre": "CLEMENCIA"}, "model": "polls.municipio", "pk": 178}, {"fields": {"nombre": "CORDOBA"}, "model": "polls.municipio", "pk": 179}, {"fields": {"nombre": "EL CARMEN DE BOLIVAR"}, "model": "polls.municipio", "pk": 180}, {"fields": {"nombre": "EL GUAMO"}, "model": "polls.municipio", "pk": 181}, {"fields": {"nombre": "EL PENION"}, "model": "polls.municipio", "pk": 182}, {"fields": {"nombre": "HATILLO DE LOBA"}, "model": "polls.municipio", "pk": 183}, {"fields": {"nombre": "MAGANGUE"}, "model": "polls.municipio", "pk": 184}, {"fields": {"nombre": "MAHATES"}, "model": "polls.municipio", "pk": 185}, {"fields": {"nombre": "MARGARITA"}, "model": "polls.municipio", "pk": 186}, {"fields": {"nombre": "MARIA LA BAJA"}, "model": "polls.municipio", "pk": 187}, {"fields": {"nombre": "MONTECRISTO"}, "model": "polls.municipio", "pk": 188}, {"fields": {"nombre": "MORALES"}, "model": "polls.municipio", "pk": 189}, {"fields": {"nombre": "MORALES"}, "model": "polls.municipio", "pk": 190}, {"fields": {"nombre": "NOROSI"}, "model": "polls.municipio", "pk": 191}, {"fields": {"nombre": "PINILLOS"}, "model": "polls.municipio", "pk": 192}, {"fields": {"nombre": "REGIDOR"}, "model": "polls.municipio", "pk": 193}, {"fields": {"nombre": "RIO VIEJO"}, "model": "polls.municipio", "pk": 194}, {"fields": {"nombre": "SAN CRISTOBAL"}, "model": "polls.municipio", "pk": 195}, {"fields": {"nombre": "SAN ESTANISLAO"}, "model": "polls.municipio", "pk": 196}, {"fields": {"nombre": "SAN FERNANDO"}, "model": "polls.municipio", "pk": 197}, {"fields": {"nombre": "SAN JACINTO"}, "model": "polls.municipio", "pk": 198}, {"fields": {"nombre": "SAN JACINTO DEL CAUCA"}, "model": "polls.municipio", "pk": 199}, {"fields": {"nombre": "SAN JUAN DE NEPOMUCENO"}, "model": "polls.municipio", "pk": 200}, {"fields": {"nombre": "SAN MARTIN DE LOBA"}, "model": "polls.municipio", "pk": 201}, {"fields": {"nombre": "SAN PABLO"}, "model": "polls.municipio", "pk": 202}, {"fields": {"nombre": "SAN PABLO NORTE"}, "model": "polls.municipio", "pk": 203}, {"fields": {"nombre": "SANTA CATALINA"}, "model": "polls.municipio", "pk": 204}, {"fields": {"nombre": "SANTA CRUZ DE MOMPOX"}, "model": "polls.municipio", "pk": 205}, {"fields": {"nombre": "SANTA ROSA"}, "model": "polls.municipio", "pk": 206}, {"fields": {"nombre": "SANTA ROSA DEL SUR"}, "model": "polls.municipio", "pk": 207}, {"fields": {"nombre": "SIMITI"}, "model": "polls.municipio", "pk": 208}, {"fields": {"nombre": "SOPLAVIENTO"}, "model": "polls.municipio", "pk": 209}, {"fields": {"nombre": "TALAIGUA NUEVO"}, "model": "polls.municipio", "pk": 210}, {"fields": {"nombre": "TUQUISIO"}, "model": "polls.municipio", "pk": 211}, {"fields": {"nombre": "TURBACO"}, "model": "polls.municipio", "pk": 212}, {"fields": {"nombre": "TURBANA"}, "model": "polls.municipio", "pk": 213}, {"fields": {"nombre": "VILLANUEVA"}, "model": "polls.municipio", "pk": 214}, {"fields": {"nombre": "ZAMBRANO"}, "model": "polls.municipio", "pk": 215}, {"fields": {"nombre": "AQUITANIA"}, "model": "polls.municipio", "pk": 216}, {"fields": {"nombre": "ARCABUCO"}, "model": "polls.municipio", "pk": 217}, {"fields": {"nombre": "BEL\u00c9N"}, "model": "polls.municipio", "pk": 218}, {"fields": {"nombre": "BERBEO"}, "model": "polls.municipio", "pk": 219}, {"fields": {"nombre": "BET\u00c9ITIVA"}, "model": "polls.municipio", "pk": 220}, {"fields": {"nombre": "BOAVITA"}, "model": "polls.municipio", "pk": 221}, {"fields": {"nombre": "BOYAC\u00c1"}, "model": "polls.municipio", "pk": 222}, {"fields": {"nombre": "BRICE\u00d1O"}, "model": "polls.municipio", "pk": 223}, {"fields": {"nombre": "BUENAVISTA"}, "model": "polls.municipio", "pk": 224}, {"fields": {"nombre": "BUSBANZ\u00c1"}, "model": "polls.municipio", "pk": 225}, {"fields": {"nombre": "CALDAS"}, "model": "polls.municipio", "pk": 226}, {"fields": {"nombre": "CAMPO HERMOSO"}, "model": "polls.municipio", "pk": 227}, {"fields": {"nombre": "CERINZA"}, "model": "polls.municipio", "pk": 228}, {"fields": {"nombre": "CHINAVITA"}, "model": "polls.municipio", "pk": 229}, {"fields": {"nombre": "CHIQUINQUIR\u00c1"}, "model": "polls.municipio", "pk": 230}, {"fields": {"nombre": "CH\u00cdQUIZA"}, "model": "polls.municipio", "pk": 231}, {"fields": {"nombre": "CHISCAS"}, "model": "polls.municipio", "pk": 232}, {"fields": {"nombre": "CHITA"}, "model": "polls.municipio", "pk": 233}, {"fields": {"nombre": "CHITARAQUE"}, "model": "polls.municipio", "pk": 234}, {"fields": {"nombre": "CHIVAT\u00c1"}, "model": "polls.municipio", "pk": 235}, {"fields": {"nombre": "CI\u00c9NEGA"}, "model": "polls.municipio", "pk": 236}, {"fields": {"nombre": "C\u00d3MBITA"}, "model": "polls.municipio", "pk": 237}, {"fields": {"nombre": "COPER"}, "model": "polls.municipio", "pk": 238}, {"fields": {"nombre": "CORRALES"}, "model": "polls.municipio", "pk": 239}, {"fields": {"nombre": "COVARACH\u00cdA"}, "model": "polls.municipio", "pk": 240}, {"fields": {"nombre": "CUBARA"}, "model": "polls.municipio", "pk": 241}, {"fields": {"nombre": "CUCAITA"}, "model": "polls.municipio", "pk": 242}, {"fields": {"nombre": "CUITIVA"}, "model": "polls.municipio", "pk": 243}, {"fields": {"nombre": "DUITAMA"}, "model": "polls.municipio", "pk": 244}, {"fields": {"nombre": "EL COCUY"}, "model": "polls.municipio", "pk": 245}, {"fields": {"nombre": "EL ESPINO"}, "model": "polls.municipio", "pk": 246}, {"fields": {"nombre": "FIRAVITOBA"}, "model": "polls.municipio", "pk": 247}, {"fields": {"nombre": "FLORESTA"}, "model": "polls.municipio", "pk": 248}, {"fields": {"nombre": "GACHANTIV\u00c1"}, "model": "polls.municipio", "pk": 249}, {"fields": {"nombre": "G\u00c1MEZA"}, "model": "polls.municipio", "pk": 250}, {"fields": {"nombre": "GARAGOA"}, "model": "polls.municipio", "pk": 251}, {"fields": {"nombre": "GUACAMAYAS"}, "model": "polls.municipio", "pk": 252}, {"fields": {"nombre": "G\u00dcIC\u00c1N"}, "model": "polls.municipio", "pk": 253}, {"fields": {"nombre": "IZA"}, "model": "polls.municipio", "pk": 254}, {"fields": {"nombre": "JENESANO"}, "model": "polls.municipio", "pk": 255}, {"fields": {"nombre": "JERIC\u00d3"}, "model": "polls.municipio", "pk": 256}, {"fields": {"nombre": "LA UVITA"}, "model": "polls.municipio", "pk": 257}, {"fields": {"nombre": "LA VICTORIA"}, "model": "polls.municipio", "pk": 258}, {"fields": {"nombre": "LABRANZA GRANDE"}, "model": "polls.municipio", "pk": 259}, {"fields": {"nombre": "MACANAL"}, "model": "polls.municipio", "pk": 260}, {"fields": {"nombre": "MARIP\u00cd"}, "model": "polls.municipio", "pk": 261}, {"fields": {"nombre": "MIRAFLORES"}, "model": "polls.municipio", "pk": 262}, {"fields": {"nombre": "MONGUA"}, "model": "polls.municipio", "pk": 263}, {"fields": {"nombre": "MONGU\u00cd"}, "model": "polls.municipio", "pk": 264}, {"fields": {"nombre": "MONIQUIR\u00c1"}, "model": "polls.municipio", "pk": 265}, {"fields": {"nombre": "MOTAVITA"}, "model": "polls.municipio", "pk": 266}, {"fields": {"nombre": "MUZO"}, "model": "polls.municipio", "pk": 267}, {"fields": {"nombre": "NOBSA"}, "model": "polls.municipio", "pk": 268}, {"fields": {"nombre": "NUEVO COL\u00d3N"}, "model": "polls.municipio", "pk": 269}, {"fields": {"nombre": "OICAT\u00c1"}, "model": "polls.municipio", "pk": 270}, {"fields": {"nombre": "OTANCHE"}, "model": "polls.municipio", "pk": 271}, {"fields": {"nombre": "PACHAVITA"}, "model": "polls.municipio", "pk": 272}, {"fields": {"nombre": "P\u00c1EZ"}, "model": "polls.municipio", "pk": 273}, {"fields": {"nombre": "PAIPA"}, "model": "polls.municipio", "pk": 274}, {"fields": {"nombre": "PAJARITO"}, "model": "polls.municipio", "pk": 275}, {"fields": {"nombre": "PANQUEBA"}, "model": "polls.municipio", "pk": 276}, {"fields": {"nombre": "PAUNA"}, "model": "polls.municipio", "pk": 277}, {"fields": {"nombre": "PAYA"}, "model": "polls.municipio", "pk": 278}, {"fields": {"nombre": "PAZ DE R\u00cdO"}, "model": "polls.municipio", "pk": 279}, {"fields": {"nombre": "PESCA"}, "model": "polls.municipio", "pk": 280}, {"fields": {"nombre": "PISBA"}, "model": "polls.municipio", "pk": 281}, {"fields": {"nombre": "PUERTO BOYACA"}, "model": "polls.municipio", "pk": 282}, {"fields": {"nombre": "QU\u00cdPAMA"}, "model": "polls.municipio", "pk": 283}, {"fields": {"nombre": "RAMIRIQU\u00cd"}, "model": "polls.municipio", "pk": 284}, {"fields": {"nombre": "R\u00c1QUIRA"}, "model": "polls.municipio", "pk": 285}, {"fields": {"nombre": "ROND\u00d3N"}, "model": "polls.municipio", "pk": 286}, {"fields": {"nombre": "SABOY\u00c1"}, "model": "polls.municipio", "pk": 287}, {"fields": {"nombre": "S\u00c1CHICA"}, "model": "polls.municipio", "pk": 288}, {"fields": {"nombre": "SAMAC\u00c1"}, "model": "polls.municipio", "pk": 289}, {"fields": {"nombre": "SAN EDUARDO"}, "model": "polls.municipio", "pk": 290}, {"fields": {"nombre": "SAN JOS\u00c9 DE PARE"}, "model": "polls.municipio", "pk": 291}, {"fields": {"nombre": "SAN LU\u00cdS DE GACENO"}, "model": "polls.municipio", "pk": 292}, {"fields": {"nombre": "SAN MATEO"}, "model": "polls.municipio", "pk": 293}, {"fields": {"nombre": "SAN MIGUEL DE SEMA"}, "model": "polls.municipio", "pk": 294}, {"fields": {"nombre": "SAN PABLO DE BORBUR"}, "model": "polls.municipio", "pk": 295}, {"fields": {"nombre": "SANTA MAR\u00cdA"}, "model": "polls.municipio", "pk": 296}, {"fields": {"nombre": "SANTA ROSA DE VITERBO"}, "model": "polls.municipio", "pk": 297}, {"fields": {"nombre": "SANTA SOF\u00cdA"}, "model": "polls.municipio", "pk": 298}, {"fields": {"nombre": "SANTANA"}, "model": "polls.municipio", "pk": 299}, {"fields": {"nombre": "SATIVANORTE"}, "model": "polls.municipio", "pk": 300}, {"fields": {"nombre": "SATIVASUR"}, "model": "polls.municipio", "pk": 301}, {"fields": {"nombre": "SIACHOQUE"}, "model": "polls.municipio", "pk": 302}, {"fields": {"nombre": "SOAT\u00c1"}, "model": "polls.municipio", "pk": 303}, {"fields": {"nombre": "SOCHA"}, "model": "polls.municipio", "pk": 304}, {"fields": {"nombre": "SOCOT\u00c1"}, "model": "polls.municipio", "pk": 305}, {"fields": {"nombre": "SOGAMOSO"}, "model": "polls.municipio", "pk": 306}, {"fields": {"nombre": "SORA"}, "model": "polls.municipio", "pk": 307}, {"fields": {"nombre": "SORAC\u00c1"}, "model": "polls.municipio", "pk": 308}, {"fields": {"nombre": "SOTAQUIR\u00c1"}, "model": "polls.municipio", "pk": 309}, {"fields": {"nombre": "SUSAC\u00d3N"}, "model": "polls.municipio", "pk": 310}, {"fields": {"nombre": "SUTARMACH\u00c1N"}, "model": "polls.municipio", "pk": 311}, {"fields": {"nombre": "TASCO"}, "model": "polls.municipio", "pk": 312}, {"fields": {"nombre": "TIBAN\u00c1"}, "model": "polls.municipio", "pk": 313}, {"fields": {"nombre": "TIBASOSA"}, "model": "polls.municipio", "pk": 314}, {"fields": {"nombre": "TINJAC\u00c1"}, "model": "polls.municipio", "pk": 315}, {"fields": {"nombre": "TIPACOQUE"}, "model": "polls.municipio", "pk": 316}, {"fields": {"nombre": "TOCA"}, "model": "polls.municipio", "pk": 317}, {"fields": {"nombre": "TOG\u00dc\u00cd"}, "model": "polls.municipio", "pk": 318}, {"fields": {"nombre": "T\u00d3PAGA"}, "model": "polls.municipio", "pk": 319}, {"fields": {"nombre": "TOTA"}, "model": "polls.municipio", "pk": 320}, {"fields": {"nombre": "TUNJA"}, "model": "polls.municipio", "pk": 321}, {"fields": {"nombre": "TUNUNGU\u00c1"}, "model": "polls.municipio", "pk": 322}, {"fields": {"nombre": "TURMEQU\u00c9"}, "model": "polls.municipio", "pk": 323}, {"fields": {"nombre": "TUTA"}, "model": "polls.municipio", "pk": 324}, {"fields": {"nombre": "TUTAZ\u00c1"}, "model": "polls.municipio", "pk": 325}, {"fields": {"nombre": "UMBITA"}, "model": "polls.municipio", "pk": 326}, {"fields": {"nombre": "VENTA QUEMADA"}, "model": "polls.municipio", "pk": 327}, {"fields": {"nombre": "VILLA DE LEYVA"}, "model": "polls.municipio", "pk": 328}, {"fields": {"nombre": "VIRACACH\u00c1"}, "model": "polls.municipio", "pk": 329}, {"fields": {"nombre": "ZETAQUIRA"}, "model": "polls.municipio", "pk": 330}, {"fields": {"nombre": "AGUADAS"}, "model": "polls.municipio", "pk": 331}, {"fields": {"nombre": "ANSERMA"}, "model": "polls.municipio", "pk": 332}, {"fields": {"nombre": "ARANZAZU"}, "model": "polls.municipio", "pk": 333}, {"fields": {"nombre": "BELALCAZAR"}, "model": "polls.municipio", "pk": 334}, {"fields": {"nombre": "CHINCHIN\u00c1"}, "model": "polls.municipio", "pk": 335}, {"fields": {"nombre": "FILADELFIA"}, "model": "polls.municipio", "pk": 336}, {"fields": {"nombre": "LA DORADA"}, "model": "polls.municipio", "pk": 337}, {"fields": {"nombre": "LA MERCED"}, "model": "polls.municipio", "pk": 338}, {"fields": {"nombre": "MANIZALES"}, "model": "polls.municipio", "pk": 339}, {"fields": {"nombre": "MANZANARES"}, "model": "polls.municipio", "pk": 340}, {"fields": {"nombre": "MARMATO"}, "model": "polls.municipio", "pk": 341}, {"fields": {"nombre": "MARQUETALIA"}, "model": "polls.municipio", "pk": 342}, {"fields": {"nombre": "MARULANDA"}, "model": "polls.municipio", "pk": 343}, {"fields": {"nombre": "NEIRA"}, "model": "polls.municipio", "pk": 344}, {"fields": {"nombre": "NORCASIA"}, "model": "polls.municipio", "pk": 345}, {"fields": {"nombre": "PACORA"}, "model": "polls.municipio", "pk": 346}, {"fields": {"nombre": "PALESTINA"}, "model": "polls.municipio", "pk": 347}, {"fields": {"nombre": "PENSILVANIA"}, "model": "polls.municipio", "pk": 348}, {"fields": {"nombre": "RIOSUCIO"}, "model": "polls.municipio", "pk": 349}, {"fields": {"nombre": "RISARALDA"}, "model": "polls.municipio", "pk": 350}, {"fields": {"nombre": "SALAMINA"}, "model": "polls.municipio", "pk": 351}, {"fields": {"nombre": "SAMANA"}, "model": "polls.municipio", "pk": 352}, {"fields": {"nombre": "SAN JOSE"}, "model": "polls.municipio", "pk": 353}, {"fields": {"nombre": "SUP\u00cdA"}, "model": "polls.municipio", "pk": 354}, {"fields": {"nombre": "VICTORIA"}, "model": "polls.municipio", "pk": 355}, {"fields": {"nombre": "VILLAMAR\u00cdA"}, "model": "polls.municipio", "pk": 356}, {"fields": {"nombre": "VITERBO"}, "model": "polls.municipio", "pk": 357}, {"fields": {"nombre": "ALBANIA"}, "model": "polls.municipio", "pk": 358}, {"fields": {"nombre": "BEL\u00c9N ANDAQUIES"}, "model": "polls.municipio", "pk": 359}, {"fields": {"nombre": "CARTAGENA DEL CHAIRA"}, "model": "polls.municipio", "pk": 360}, {"fields": {"nombre": "CURILLO"}, "model": "polls.municipio", "pk": 361}, {"fields": {"nombre": "EL DONCELLO"}, "model": "polls.municipio", "pk": 362}, {"fields": {"nombre": "EL PAUJIL"}, "model": "polls.municipio", "pk": 363}, {"fields": {"nombre": "FLORENCIA"}, "model": "polls.municipio", "pk": 364}, {"fields": {"nombre": "LA MONTA\u00d1ITA"}, "model": "polls.municipio", "pk": 365}, {"fields": {"nombre": "MIL\u00c1N"}, "model": "polls.municipio", "pk": 366}, {"fields": {"nombre": "MORELIA"}, "model": "polls.municipio", "pk": 367}, {"fields": {"nombre": "PUERTO RICO"}, "model": "polls.municipio", "pk": 368}, {"fields": {"nombre": "SAN  VICENTE DEL CAGUAN"}, "model": "polls.municipio", "pk": 369}, {"fields": {"nombre": "SAN JOS\u00c9 DE FRAGUA"}, "model": "polls.municipio", "pk": 370}, {"fields": {"nombre": "SOLANO"}, "model": "polls.municipio", "pk": 371}, {"fields": {"nombre": "SOLITA"}, "model": "polls.municipio", "pk": 372}, {"fields": {"nombre": "VALPARA\u00cdSO"}, "model": "polls.municipio", "pk": 373}, {"fields": {"nombre": "AGUAZUL"}, "model": "polls.municipio", "pk": 374}, {"fields": {"nombre": "CHAMEZA"}, "model": "polls.municipio", "pk": 375}, {"fields": {"nombre": "HATO COROZAL"}, "model": "polls.municipio", "pk": 376}, {"fields": {"nombre": "LA SALINA"}, "model": "polls.municipio", "pk": 377}, {"fields": {"nombre": "MAN\u00cd"}, "model": "polls.municipio", "pk": 378}, {"fields": {"nombre": "MONTERREY"}, "model": "polls.municipio", "pk": 379}, {"fields": {"nombre": "NUNCHIA"}, "model": "polls.municipio", "pk": 380}, {"fields": {"nombre": "OROCUE"}, "model": "polls.municipio", "pk": 381}, {"fields": {"nombre": "PAZ DE ARIPORO"}, "model": "polls.municipio", "pk": 382}, {"fields": {"nombre": "PORE"}, "model": "polls.municipio", "pk": 383}, {"fields": {"nombre": "RECETOR"}, "model": "polls.municipio", "pk": 384}, {"fields": {"nombre": "SABANA LARGA"}, "model": "polls.municipio", "pk": 385}, {"fields": {"nombre": "SACAMA"}, "model": "polls.municipio", "pk": 386}, {"fields": {"nombre": "SAN LUIS DE PALENQUE"}, "model": "polls.municipio", "pk": 387}, {"fields": {"nombre": "TAMARA"}, "model": "polls.municipio", "pk": 388}, {"fields": {"nombre": "TAURAMENA"}, "model": "polls.municipio", "pk": 389}, {"fields": {"nombre": "TRINIDAD"}, "model": "polls.municipio", "pk": 390}, {"fields": {"nombre": "VILLANUEVA"}, "model": "polls.municipio", "pk": 391}, {"fields": {"nombre": "YOPAL"}, "model": "polls.municipio", "pk": 392}, {"fields": {"nombre": "ALMAGUER"}, "model": "polls.municipio", "pk": 393}, {"fields": {"nombre": "ARGELIA"}, "model": "polls.municipio", "pk": 394}, {"fields": {"nombre": "BALBOA"}, "model": "polls.municipio", "pk": 395}, {"fields": {"nombre": "BOL\u00cdVAR"}, "model": "polls.municipio", "pk": 396}, {"fields": {"nombre": "BUENOS AIRES"}, "model": "polls.municipio", "pk": 397}, {"fields": {"nombre": "CAJIBIO"}, "model": "polls.municipio", "pk": 398}, {"fields": {"nombre": "CALDONO"}, "model": "polls.municipio", "pk": 399}, {"fields": {"nombre": "CALOTO"}, "model": "polls.municipio", "pk": 400}, {"fields": {"nombre": "CORINTO"}, "model": "polls.municipio", "pk": 401}, {"fields": {"nombre": "EL TAMBO"}, "model": "polls.municipio", "pk": 402}, {"fields": {"nombre": "FLORENCIA"}, "model": "polls.municipio", "pk": 403}, {"fields": {"nombre": "GUAPI"}, "model": "polls.municipio", "pk": 404}, {"fields": {"nombre": "INZA"}, "model": "polls.municipio", "pk": 405}, {"fields": {"nombre": "JAMBAL\u00d3"}, "model": "polls.municipio", "pk": 406}, {"fields": {"nombre": "LA SIERRA"}, "model": "polls.municipio", "pk": 407}, {"fields": {"nombre": "LA VEGA"}, "model": "polls.municipio", "pk": 408}, {"fields": {"nombre": "L\u00d3PEZ"}, "model": "polls.municipio", "pk": 409}, {"fields": {"nombre": "MERCADERES"}, "model": "polls.municipio", "pk": 410}, {"fields": {"nombre": "MIRANDA"}, "model": "polls.municipio", "pk": 411}, {"fields": {"nombre": "MORALES"}, "model": "polls.municipio", "pk": 412}, {"fields": {"nombre": "PADILLA"}, "model": "polls.municipio", "pk": 413}, {"fields": {"nombre": "P\u00c1EZ"}, "model": "polls.municipio", "pk": 414}, {"fields": {"nombre": "PATIA (EL BORDO)"}, "model": "polls.municipio", "pk": 415}, {"fields": {"nombre": "PIAMONTE"}, "model": "polls.municipio", "pk": 416}, {"fields": {"nombre": "PIENDAMO"}, "model": "polls.municipio", "pk": 417}, {"fields": {"nombre": "POPAY\u00c1N"}, "model": "polls.municipio", "pk": 418}, {"fields": {"nombre": "PUERTO TEJADA"}, "model": "polls.municipio", "pk": 419}, {"fields": {"nombre": "PURACE"}, "model": "polls.municipio", "pk": 420}, {"fields": {"nombre": "ROSAS"}, "model": "polls.municipio", "pk": 421}, {"fields": {"nombre": "SAN SEBASTI\u00c1N"}, "model": "polls.municipio", "pk": 422}, {"fields": {"nombre": "SANTA ROSA"}, "model": "polls.municipio", "pk": 423}, {"fields": {"nombre": "SANTANDER DE QUILICHAO"}, "model": "polls.municipio", "pk": 424}, {"fields": {"nombre": "SILVIA"}, "model": "polls.municipio", "pk": 425}, {"fields": {"nombre": "SOTARA"}, "model": "polls.municipio", "pk": 426}, {"fields": {"nombre": "SU\u00c1REZ"}, "model": "polls.municipio", "pk": 427}, {"fields": {"nombre": "SUCRE"}, "model": "polls.municipio", "pk": 428}, {"fields": {"nombre": "TIMB\u00cdO"}, "model": "polls.municipio", "pk": 429}, {"fields": {"nombre": "TIMBIQU\u00cd"}, "model": "polls.municipio", "pk": 430}, {"fields": {"nombre": "TORIBIO"}, "model": "polls.municipio", "pk": 431}, {"fields": {"nombre": "TOTORO"}, "model": "polls.municipio", "pk": 432}, {"fields": {"nombre": "VILLA RICA"}, "model": "polls.municipio", "pk": 433}, {"fields": {"nombre": "AGUACHICA"}, "model": "polls.municipio", "pk": 434}, {"fields": {"nombre": "AGUST\u00cdN CODAZZI"}, "model": "polls.municipio", "pk": 435}, {"fields": {"nombre": "ASTREA"}, "model": "polls.municipio", "pk": 436}, {"fields": {"nombre": "BECERRIL"}, "model": "polls.municipio", "pk": 437}, {"fields": {"nombre": "BOSCONIA"}, "model": "polls.municipio", "pk": 438}, {"fields": {"nombre": "CHIMICHAGUA"}, "model": "polls.municipio", "pk": 439}, {"fields": {"nombre": "CHIRIGUAN\u00c1"}, "model": "polls.municipio", "pk": 440}, {"fields": {"nombre": "CURUMAN\u00cd"}, "model": "polls.municipio", "pk": 441}, {"fields": {"nombre": "EL COPEY"}, "model": "polls.municipio", "pk": 442}, {"fields": {"nombre": "EL PASO"}, "model": "polls.municipio", "pk": 443}, {"fields": {"nombre": "GAMARRA"}, "model": "polls.municipio", "pk": 444}, {"fields": {"nombre": "GONZ\u00c1LEZ"}, "model": "polls.municipio", "pk": 445}, {"fields": {"nombre": "LA GLORIA"}, "model": "polls.municipio", "pk": 446}, {"fields": {"nombre": "LA JAGUA IBIRICO"}, "model": "polls.municipio", "pk": 447}, {"fields": {"nombre": "MANAURE BALC\u00d3N DEL CESAR"}, "model": "polls.municipio", "pk": 448}, {"fields": {"nombre": "PAILITAS"}, "model": "polls.municipio", "pk": 449}, {"fields": {"nombre": "PELAYA"}, "model": "polls.municipio", "pk": 450}, {"fields": {"nombre": "PUEBLO BELLO"}, "model": "polls.municipio", "pk": 451}, {"fields": {"nombre": "R\u00cdO DE ORO"}, "model": "polls.municipio", "pk": 452}, {"fields": {"nombre": "ROBLES (LA PAZ)"}, "model": "polls.municipio", "pk": 453}, {"fields": {"nombre": "SAN ALBERTO"}, "model": "polls.municipio", "pk": 454}, {"fields": {"nombre": "SAN DIEGO"}, "model": "polls.municipio", "pk": 455}, {"fields": {"nombre": "SAN MART\u00cdN"}, "model": "polls.municipio", "pk": 456}, {"fields": {"nombre": "TAMALAMEQUE"}, "model": "polls.municipio", "pk": 457}, {"fields": {"nombre": "VALLEDUPAR"}, "model": "polls.municipio", "pk": 458}, {"fields": {"nombre": "ACANDI"}, "model": "polls.municipio", "pk": 459}, {"fields": {"nombre": "ALTO BAUDO (PIE DE PATO)"}, "model": "polls.municipio", "pk": 460}, {"fields": {"nombre": "ATRATO"}, "model": "polls.municipio", "pk": 461}, {"fields": {"nombre": "BAGADO"}, "model": "polls.municipio", "pk": 462}, {"fields": {"nombre": "BAHIA SOLANO (MUTIS)"}, "model": "polls.municipio", "pk": 463}, {"fields": {"nombre": "BAJO BAUDO (PIZARRO)"}, "model": "polls.municipio", "pk": 464}, {"fields": {"nombre": "BOJAYA (BELLAVISTA)"}, "model": "polls.municipio", "pk": 465}, {"fields": {"nombre": "CANTON DE SAN PABLO"}, "model": "polls.municipio", "pk": 466}, {"fields": {"nombre": "CARMEN DEL DARIEN"}, "model": "polls.municipio", "pk": 467}, {"fields": {"nombre": "CERTEGUI"}, "model": "polls.municipio", "pk": 468}, {"fields": {"nombre": "CONDOTO"}, "model": "polls.municipio", "pk": 469}, {"fields": {"nombre": "EL CARMEN"}, "model": "polls.municipio", "pk": 470}, {"fields": {"nombre": "ISTMINA"}, "model": "polls.municipio", "pk": 471}, {"fields": {"nombre": "JURADO"}, "model": "polls.municipio", "pk": 472}, {"fields": {"nombre": "LITORAL DEL SAN JUAN"}, "model": "polls.municipio", "pk": 473}, {"fields": {"nombre": "LLORO"}, "model": "polls.municipio", "pk": 474}, {"fields": {"nombre": "MEDIO ATRATO"}, "model": "polls.municipio", "pk": 475}, {"fields": {"nombre": "MEDIO BAUDO (BOCA DE PEPE)"}, "model": "polls.municipio", "pk": 476}, {"fields": {"nombre": "MEDIO SAN JUAN"}, "model": "polls.municipio", "pk": 477}, {"fields": {"nombre": "NOVITA"}, "model": "polls.municipio", "pk": 478}, {"fields": {"nombre": "NUQUI"}, "model": "polls.municipio", "pk": 479}, {"fields": {"nombre": "QUIBDO"}, "model": "polls.municipio", "pk": 480}, {"fields": {"nombre": "RIO IRO"}, "model": "polls.municipio", "pk": 481}, {"fields": {"nombre": "RIO QUITO"}, "model": "polls.municipio", "pk": 482}, {"fields": {"nombre": "RIOSUCIO"}, "model": "polls.municipio", "pk": 483}, {"fields": {"nombre": "SAN JOSE DEL PALMAR"}, "model": "polls.municipio", "pk": 484}, {"fields": {"nombre": "SIPI"}, "model": "polls.municipio", "pk": 485}, {"fields": {"nombre": "TADO"}, "model": "polls.municipio", "pk": 486}, {"fields": {"nombre": "UNGUIA"}, "model": "polls.municipio", "pk": 487}, {"fields": {"nombre": "UNI\u00d3N PANAMERICANA"}, "model": "polls.municipio", "pk": 488}, {"fields": {"nombre": "AYAPEL"}, "model": "polls.municipio", "pk": 489}, {"fields": {"nombre": "BUENAVISTA"}, "model": "polls.municipio", "pk": 490}, {"fields": {"nombre": "CANALETE"}, "model": "polls.municipio", "pk": 491}, {"fields": {"nombre": "CERET\u00c9"}, "model": "polls.municipio", "pk": 492}, {"fields": {"nombre": "CHIMA"}, "model": "polls.municipio", "pk": 493}, {"fields": {"nombre": "CHIN\u00da"}, "model": "polls.municipio", "pk": 494}, {"fields": {"nombre": "CIENAGA DE ORO"}, "model": "polls.municipio", "pk": 495}, {"fields": {"nombre": "COTORRA"}, "model": "polls.municipio", "pk": 496}, {"fields": {"nombre": "LA APARTADA"}, "model": "polls.municipio", "pk": 497}, {"fields": {"nombre": "LORICA"}, "model": "polls.municipio", "pk": 498}, {"fields": {"nombre": "LOS C\u00d3RDOBAS"}, "model": "polls.municipio", "pk": 499}, {"fields": {"nombre": "MOMIL"}, "model": "polls.municipio", "pk": 500}, {"fields": {"nombre": "MONTEL\u00cdBANO"}, "model": "polls.municipio", "pk": 501}, {"fields": {"nombre": "MONTER\u00cdA"}, "model": "polls.municipio", "pk": 502}, {"fields": {"nombre": "MO\u00d1ITOS"}, "model": "polls.municipio", "pk": 503}, {"fields": {"nombre": "PLANETA RICA"}, "model": "polls.municipio", "pk": 504}, {"fields": {"nombre": "PUEBLO NUEVO"}, "model": "polls.municipio", "pk": 505}, {"fields": {"nombre": "PUERTO ESCONDIDO"}, "model": "polls.municipio", "pk": 506}, {"fields": {"nombre": "PUERTO LIBERTADOR"}, "model": "polls.municipio", "pk": 507}, {"fields": {"nombre": "PUR\u00cdSIMA"}, "model": "polls.municipio", "pk": 508}, {"fields": {"nombre": "SAHAG\u00daN"}, "model": "polls.municipio", "pk": 509}, {"fields": {"nombre": "SAN ANDR\u00c9S SOTAVENTO"}, "model": "polls.municipio", "pk": 510}, {"fields": {"nombre": "SAN ANTERO"}, "model": "polls.municipio", "pk": 511}, {"fields": {"nombre": "SAN BERNARDO VIENTO"}, "model": "polls.municipio", "pk": 512}, {"fields": {"nombre": "SAN CARLOS"}, "model": "polls.municipio", "pk": 513}, {"fields": {"nombre": "SAN PELAYO"}, "model": "polls.municipio", "pk": 514}, {"fields": {"nombre": "TIERRALTA"}, "model": "polls.municipio", "pk": 515}, {"fields": {"nombre": "VALENCIA"}, "model": "polls.municipio", "pk": 516}, {"fields": {"nombre": "AGUA DE DIOS"}, "model": "polls.municipio", "pk": 517}, {"fields": {"nombre": "ALBAN"}, "model": "polls.municipio", "pk": 518}, {"fields": {"nombre": "ANAPOIMA"}, "model": "polls.municipio", "pk": 519}, {"fields": {"nombre": "ANOLAIMA"}, "model": "polls.municipio", "pk": 520}, {"fields": {"nombre": "ARBELAEZ"}, "model": "polls.municipio", "pk": 521}, {"fields": {"nombre": "BELTR\u00c1N"}, "model": "polls.municipio", "pk": 522}, {"fields": {"nombre": "BITUIMA"}, "model": "polls.municipio", "pk": 523}, {"fields": {"nombre": "BOGOT\u00c1 DC"}, "model": "polls.municipio", "pk": 524}, {"fields": {"nombre": "BOJAC\u00c1"}, "model": "polls.municipio", "pk": 525}, {"fields": {"nombre": "CABRERA"}, "model": "polls.municipio", "pk": 526}, {"fields": {"nombre": "CACHIPAY"}, "model": "polls.municipio", "pk": 527}, {"fields": {"nombre": "CAJIC\u00c1"}, "model": "polls.municipio", "pk": 528}, {"fields": {"nombre": "CAPARRAP\u00cd"}, "model": "polls.municipio", "pk": 529}, {"fields": {"nombre": "CAQUEZA"}, "model": "polls.municipio", "pk": 530}, {"fields": {"nombre": "CARMEN DE CARUPA"}, "model": "polls.municipio", "pk": 531}, {"fields": {"nombre": "CHAGUAN\u00cd"}, "model": "polls.municipio", "pk": 532}, {"fields": {"nombre": "CHIA"}, "model": "polls.municipio", "pk": 533}, {"fields": {"nombre": "CHIPAQUE"}, "model": "polls.municipio", "pk": 534}, {"fields": {"nombre": "CHOACH\u00cd"}, "model": "polls.municipio", "pk": 535}, {"fields": {"nombre": "CHOCONT\u00c1"}, "model": "polls.municipio", "pk": 536}, {"fields": {"nombre": "COGUA"}, "model": "polls.municipio", "pk": 537}, {"fields": {"nombre": "COTA"}, "model": "polls.municipio", "pk": 538}, {"fields": {"nombre": "CUCUNUB\u00c1"}, "model": "polls.municipio", "pk": 539}, {"fields": {"nombre": "EL COLEGIO"}, "model": "polls.municipio", "pk": 540}, {"fields": {"nombre": "EL PE\u00d1\u00d3N"}, "model": "polls.municipio", "pk": 541}, {"fields": {"nombre": "EL ROSAL1"}, "model": "polls.municipio", "pk": 542}, {"fields": {"nombre": "FACATATIVA"}, "model": "polls.municipio", "pk": 543}, {"fields": {"nombre": "F\u00d3MEQUE"}, "model": "polls.municipio", "pk": 544}, {"fields": {"nombre": "FOSCA"}, "model": "polls.municipio", "pk": 545}, {"fields": {"nombre": "FUNZA"}, "model": "polls.municipio", "pk": 546}, {"fields": {"nombre": "F\u00daQUENE"}, "model": "polls.municipio", "pk": 547}, {"fields": {"nombre": "FUSAGASUGA"}, "model": "polls.municipio", "pk": 548}, {"fields": {"nombre": "GACHAL\u00c1"}, "model": "polls.municipio", "pk": 549}, {"fields": {"nombre": "GACHANCIP\u00c1"}, "model": "polls.municipio", "pk": 550}, {"fields": {"nombre": "GACHETA"}, "model": "polls.municipio", "pk": 551}, {"fields": {"nombre": "GAMA"}, "model": "polls.municipio", "pk": 552}, {"fields": {"nombre": "GIRARDOT"}, "model": "polls.municipio", "pk": 553}, {"fields": {"nombre": "GRANADA2"}, "model": "polls.municipio", "pk": 554}, {"fields": {"nombre": "GUACHET\u00c1"}, "model": "polls.municipio", "pk": 555}, {"fields": {"nombre": "GUADUAS"}, "model": "polls.municipio", "pk": 556}, {"fields": {"nombre": "GUASCA"}, "model": "polls.municipio", "pk": 557}, {"fields": {"nombre": "GUATAQU\u00cd"}, "model": "polls.municipio", "pk": 558}, {"fields": {"nombre": "GUATAVITA"}, "model": "polls.municipio", "pk": 559}, {"fields": {"nombre": "GUAYABAL DE SIQUIMA"}, "model": "polls.municipio", "pk": 560}, {"fields": {"nombre": "GUAYABETAL"}, "model": "polls.municipio", "pk": 561}, {"fields": {"nombre": "GUTI\u00c9RREZ"}, "model": "polls.municipio", "pk": 562}, {"fields": {"nombre": "JERUSAL\u00c9N"}, "model": "polls.municipio", "pk": 563}, {"fields": {"nombre": "JUN\u00cdN"}, "model": "polls.municipio", "pk": 564}, {"fields": {"nombre": "LA CALERA"}, "model": "polls.municipio", "pk": 565}, {"fields": {"nombre": "LA MESA"}, "model": "polls.municipio", "pk": 566}, {"fields": {"nombre": "LA PALMA"}, "model": "polls.municipio", "pk": 567}, {"fields": {"nombre": "LA PE\u00d1A"}, "model": "polls.municipio", "pk": 568}, {"fields": {"nombre": "LA VEGA"}, "model": "polls.municipio", "pk": 569}, {"fields": {"nombre": "LENGUAZAQUE"}, "model": "polls.municipio", "pk": 570}, {"fields": {"nombre": "MACHET\u00c1"}, "model": "polls.municipio", "pk": 571}, {"fields": {"nombre": "MADRID"}, "model": "polls.municipio", "pk": 572}, {"fields": {"nombre": "MANTA"}, "model": "polls.municipio", "pk": 573}, {"fields": {"nombre": "MEDINA"}, "model": "polls.municipio", "pk": 574}, {"fields": {"nombre": "MOSQUERA"}, "model": "polls.municipio", "pk": 575}, {"fields": {"nombre": "NARI\u00d1O"}, "model": "polls.municipio", "pk": 576}, {"fields": {"nombre": "NEMOC\u00d3N"}, "model": "polls.municipio", "pk": 577}, {"fields": {"nombre": "NILO"}, "model": "polls.municipio", "pk": 578}, {"fields": {"nombre": "NIMAIMA"}, "model": "polls.municipio", "pk": 579}, {"fields": {"nombre": "NOCAIMA"}, "model": "polls.municipio", "pk": 580}, {"fields": {"nombre": "OSPINA P\u00c9REZ"}, "model": "polls.municipio", "pk": 581}, {"fields": {"nombre": "PACHO"}, "model": "polls.municipio", "pk": 582}, {"fields": {"nombre": "PAIME"}, "model": "polls.municipio", "pk": 583}, {"fields": {"nombre": "PANDI"}, "model": "polls.municipio", "pk": 584}, {"fields": {"nombre": "PARATEBUENO"}, "model": "polls.municipio", "pk": 585}, {"fields": {"nombre": "PASCA"}, "model": "polls.municipio", "pk": 586}, {"fields": {"nombre": "PUERTO SALGAR"}, "model": "polls.municipio", "pk": 587}, {"fields": {"nombre": "PUL\u00cd"}, "model": "polls.municipio", "pk": 588}, {"fields": {"nombre": "QUEBRADANEGRA"}, "model": "polls.municipio", "pk": 589}, {"fields": {"nombre": "QUETAME"}, "model": "polls.municipio", "pk": 590}, {"fields": {"nombre": "QUIPILE"}, "model": "polls.municipio", "pk": 591}, {"fields": {"nombre": "RAFAEL REYES"}, "model": "polls.municipio", "pk": 592}, {"fields": {"nombre": "RICAURTE"}, "model": "polls.municipio", "pk": 593}, {"fields": {"nombre": "SAN  ANTONIO DEL  TEQUENDAMA"}, "model": "polls.municipio", "pk": 594}, {"fields": {"nombre": "SAN BERNARDO"}, "model": "polls.municipio", "pk": 595}, {"fields": {"nombre": "SAN CAYETANO"}, "model": "polls.municipio", "pk": 596}, {"fields": {"nombre": "SAN FRANCISCO"}, "model": "polls.municipio", "pk": 597}, {"fields": {"nombre": "SAN JUAN DE RIOSECO"}, "model": "polls.municipio", "pk": 598}, {"fields": {"nombre": "SASAIMA"}, "model": "polls.municipio", "pk": 599}, {"fields": {"nombre": "SESQUIL\u00c9"}, "model": "polls.municipio", "pk": 600}, {"fields": {"nombre": "SIBAT\u00c9"}, "model": "polls.municipio", "pk": 601}, {"fields": {"nombre": "SILVANIA"}, "model": "polls.municipio", "pk": 602}, {"fields": {"nombre": "SIMIJACA"}, "model": "polls.municipio", "pk": 603}, {"fields": {"nombre": "SOACHA"}, "model": "polls.municipio", "pk": 604}, {"fields": {"nombre": "SOPO"}, "model": "polls.municipio", "pk": 605}, {"fields": {"nombre": "SUBACHOQUE"}, "model": "polls.municipio", "pk": 606}, {"fields": {"nombre": "SUESCA"}, "model": "polls.municipio", "pk": 607}, {"fields": {"nombre": "SUPAT\u00c1"}, "model": "polls.municipio", "pk": 608}, {"fields": {"nombre": "SUSA"}, "model": "polls.municipio", "pk": 609}, {"fields": {"nombre": "SUTATAUSA"}, "model": "polls.municipio", "pk": 610}, {"fields": {"nombre": "TABIO"}, "model": "polls.municipio", "pk": 611}, {"fields": {"nombre": "TAUSA"}, "model": "polls.municipio", "pk": 612}, {"fields": {"nombre": "TENA"}, "model": "polls.municipio", "pk": 613}, {"fields": {"nombre": "TENJO"}, "model": "polls.municipio", "pk": 614}, {"fields": {"nombre": "TIBACUY"}, "model": "polls.municipio", "pk": 615}, {"fields": {"nombre": "TIBIRITA"}, "model": "polls.municipio", "pk": 616}, {"fields": {"nombre": "TOCAIMA"}, "model": "polls.municipio", "pk": 617}, {"fields": {"nombre": "TOCANCIP\u00c1"}, "model": "polls.municipio", "pk": 618}, {"fields": {"nombre": "TOPAIP\u00cd"}, "model": "polls.municipio", "pk": 619}, {"fields": {"nombre": "UBAL\u00c1"}, "model": "polls.municipio", "pk": 620}, {"fields": {"nombre": "UBAQUE"}, "model": "polls.municipio", "pk": 621}, {"fields": {"nombre": "UBAT\u00c9"}, "model": "polls.municipio", "pk": 622}, {"fields": {"nombre": "UNE"}, "model": "polls.municipio", "pk": 623}, {"fields": {"nombre": "UTICA"}, "model": "polls.municipio", "pk": 624}, {"fields": {"nombre": "VERGARA"}, "model": "polls.municipio", "pk": 625}, {"fields": {"nombre": "VIANI"}, "model": "polls.municipio", "pk": 626}, {"fields": {"nombre": "VILLA GOMEZ"}, "model": "polls.municipio", "pk": 627}, {"fields": {"nombre": "VILLA PINZ\u00d3N"}, "model": "polls.municipio", "pk": 628}, {"fields": {"nombre": "VILLETA"}, "model": "polls.municipio", "pk": 629}, {"fields": {"nombre": "VIOTA"}, "model": "polls.municipio", "pk": 630}, {"fields": {"nombre": "YACOP\u00cd"}, "model": "polls.municipio", "pk": 631}, {"fields": {"nombre": "ZIPAC\u00d3N"}, "model": "polls.municipio", "pk": 632}, {"fields": {"nombre": "ZIPAQUIR\u00c1"}, "model": "polls.municipio", "pk": 633}, {"fields": {"nombre": "BARRANCO MINAS"}, "model": "polls.municipio", "pk": 634}, {"fields": {"nombre": "CACAHUAL"}, "model": "polls.municipio", "pk": 635}, {"fields": {"nombre": "IN\u00cdRIDA"}, "model": "polls.municipio", "pk": 636}, {"fields": {"nombre": "LA GUADALUPE"}, "model": "polls.municipio", "pk": 637}, {"fields": {"nombre": "MAPIRIPANA"}, "model": "polls.municipio", "pk": 638}, {"fields": {"nombre": "MORICHAL"}, "model": "polls.municipio", "pk": 639}, {"fields": {"nombre": "PANA PANA"}, "model": "polls.municipio", "pk": 640}, {"fields": {"nombre": "PUERTO COLOMBIA"}, "model": "polls.municipio", "pk": 641}, {"fields": {"nombre": "SAN FELIPE"}, "model": "polls.municipio", "pk": 642}, {"fields": {"nombre": "CALAMAR"}, "model": "polls.municipio", "pk": 643}, {"fields": {"nombre": "EL RETORNO"}, "model": "polls.municipio", "pk": 644}, {"fields": {"nombre": "MIRAFLOREZ"}, "model": "polls.municipio", "pk": 645}, {"fields": {"nombre": "SAN JOS\u00c9 DEL GUAVIARE"}, "model": "polls.municipio", "pk": 646}, {"fields": {"nombre": "ACEVEDO"}, "model": "polls.municipio", "pk": 647}, {"fields": {"nombre": "AGRADO"}, "model": "polls.municipio", "pk": 648}, {"fields": {"nombre": "AIPE"}, "model": "polls.municipio", "pk": 649}, {"fields": {"nombre": "ALGECIRAS"}, "model": "polls.municipio", "pk": 650}, {"fields": {"nombre": "ALTAMIRA"}, "model": "polls.municipio", "pk": 651}, {"fields": {"nombre": "BARAYA"}, "model": "polls.municipio", "pk": 652}, {"fields": {"nombre": "CAMPO ALEGRE"}, "model": "polls.municipio", "pk": 653}, {"fields": {"nombre": "COLOMBIA"}, "model": "polls.municipio", "pk": 654}, {"fields": {"nombre": "ELIAS"}, "model": "polls.municipio", "pk": 655}, {"fields": {"nombre": "GARZ\u00d3N"}, "model": "polls.municipio", "pk": 656}, {"fields": {"nombre": "GIGANTE"}, "model": "polls.municipio", "pk": 657}, {"fields": {"nombre": "GUADALUPE"}, "model": "polls.municipio", "pk": 658}, {"fields": {"nombre": "HOBO"}, "model": "polls.municipio", "pk": 659}, {"fields": {"nombre": "IQUIRA"}, "model": "polls.municipio", "pk": 660}, {"fields": {"nombre": "ISNOS"}, "model": "polls.municipio", "pk": 661}, {"fields": {"nombre": "LA ARGENTINA"}, "model": "polls.municipio", "pk": 662}, {"fields": {"nombre": "LA PLATA"}, "model": "polls.municipio", "pk": 663}, {"fields": {"nombre": "NATAGA"}, "model": "polls.municipio", "pk": 664}, {"fields": {"nombre": "NEIVA"}, "model": "polls.municipio", "pk": 665}, {"fields": {"nombre": "OPORAPA"}, "model": "polls.municipio", "pk": 666}, {"fields": {"nombre": "PAICOL"}, "model": "polls.municipio", "pk": 667}, {"fields": {"nombre": "PALERMO"}, "model": "polls.municipio", "pk": 668}, {"fields": {"nombre": "PALESTINA"}, "model": "polls.municipio", "pk": 669}, {"fields": {"nombre": "PITAL"}, "model": "polls.municipio", "pk": 670}, {"fields": {"nombre": "PITALITO"}, "model": "polls.municipio", "pk": 671}, {"fields": {"nombre": "RIVERA"}, "model": "polls.municipio", "pk": 672}, {"fields": {"nombre": "SALADO BLANCO"}, "model": "polls.municipio", "pk": 673}, {"fields": {"nombre": "SAN AGUST\u00cdN"}, "model": "polls.municipio", "pk": 674}, {"fields": {"nombre": "SANTA MARIA"}, "model": "polls.municipio", "pk": 675}, {"fields": {"nombre": "SUAZA"}, "model": "polls.municipio", "pk": 676}, {"fields": {"nombre": "TARQUI"}, "model": "polls.municipio", "pk": 677}, {"fields": {"nombre": "TELLO"}, "model": "polls.municipio", "pk": 678}, {"fields": {"nombre": "TERUEL"}, "model": "polls.municipio", "pk": 679}, {"fields": {"nombre": "TESALIA"}, "model": "polls.municipio", "pk": 680}, {"fields": {"nombre": "TIMANA"}, "model": "polls.municipio", "pk": 681}, {"fields": {"nombre": "VILLAVIEJA"}, "model": "polls.municipio", "pk": 682}, {"fields": {"nombre": "YAGUARA"}, "model": "polls.municipio", "pk": 683}, {"fields": {"nombre": "ALBANIA"}, "model": "polls.municipio", "pk": 684}, {"fields": {"nombre": "BARRANCAS"}, "model": "polls.municipio", "pk": 685}, {"fields": {"nombre": "DIBULLA"}, "model": "polls.municipio", "pk": 686}, {"fields": {"nombre": "DISTRACCI\u00d3N"}, "model": "polls.municipio", "pk": 687}, {"fields": {"nombre": "EL MOLINO"}, "model": "polls.municipio", "pk": 688}, {"fields": {"nombre": "FONSECA"}, "model": "polls.municipio", "pk": 689}, {"fields": {"nombre": "HATO NUEVO"}, "model": "polls.municipio", "pk": 690}, {"fields": {"nombre": "LA JAGUA DEL PILAR"}, "model": "polls.municipio", "pk": 691}, {"fields": {"nombre": "MAICAO"}, "model": "polls.municipio", "pk": 692}, {"fields": {"nombre": "MANAURE"}, "model": "polls.municipio", "pk": 693}, {"fields": {"nombre": "RIOHACHA"}, "model": "polls.municipio", "pk": 694}, {"fields": {"nombre": "SAN JUAN DEL CESAR"}, "model": "polls.municipio", "pk": 695}, {"fields": {"nombre": "URIBIA"}, "model": "polls.municipio", "pk": 696}, {"fields": {"nombre": "URUMITA"}, "model": "polls.municipio", "pk": 697}, {"fields": {"nombre": "VILLANUEVA"}, "model": "polls.municipio", "pk": 698}, {"fields": {"nombre": "ALGARROBO"}, "model": "polls.municipio", "pk": 699}, {"fields": {"nombre": "ARACATACA"}, "model": "polls.municipio", "pk": 700}, {"fields": {"nombre": "ARIGUANI"}, "model": "polls.municipio", "pk": 701}, {"fields": {"nombre": "CERRO SAN ANTONIO"}, "model": "polls.municipio", "pk": 702}, {"fields": {"nombre": "CHIVOLO"}, "model": "polls.municipio", "pk": 703}, {"fields": {"nombre": "CIENAGA"}, "model": "polls.municipio", "pk": 704}, {"fields": {"nombre": "CONCORDIA"}, "model": "polls.municipio", "pk": 705}, {"fields": {"nombre": "EL BANCO"}, "model": "polls.municipio", "pk": 706}, {"fields": {"nombre": "EL PI\u00d1ON"}, "model": "polls.municipio", "pk": 707}, {"fields": {"nombre": "EL RETEN"}, "model": "polls.municipio", "pk": 708}, {"fields": {"nombre": "FUNDACION"}, "model": "polls.municipio", "pk": 709}, {"fields": {"nombre": "GUAMAL"}, "model": "polls.municipio", "pk": 710}, {"fields": {"nombre": "NUEVA GRANADA"}, "model": "polls.municipio", "pk": 711}, {"fields": {"nombre": "PEDRAZA"}, "model": "polls.municipio", "pk": 712}, {"fields": {"nombre": "PIJI\u00d1O DEL CARMEN"}, "model": "polls.municipio", "pk": 713}, {"fields": {"nombre": "PIVIJAY"}, "model": "polls.municipio", "pk": 714}, {"fields": {"nombre": "PLATO"}, "model": "polls.municipio", "pk": 715}, {"fields": {"nombre": "PUEBLO VIEJO"}, "model": "polls.municipio", "pk": 716}, {"fields": {"nombre": "REMOLINO"}, "model": "polls.municipio", "pk": 717}, {"fields": {"nombre": "SABANAS DE SAN ANGEL"}, "model": "polls.municipio", "pk": 718}, {"fields": {"nombre": "SALAMINA"}, "model": "polls.municipio", "pk": 719}, {"fields": {"nombre": "SAN SEBASTIAN DE BUENAVISTA"}, "model": "polls.municipio", "pk": 720}, {"fields": {"nombre": "SAN ZENON"}, "model": "polls.municipio", "pk": 721}, {"fields": {"nombre": "SANTA ANA"}, "model": "polls.municipio", "pk": 722}, {"fields": {"nombre": "SANTA BARBARA DE PINTO"}, "model": "polls.municipio", "pk": 723}, {"fields": {"nombre": "SANTA MARTA"}, "model": "polls.municipio", "pk": 724}, {"fields": {"nombre": "SITIONUEVO"}, "model": "polls.municipio", "pk": 725}, {"fields": {"nombre": "TENERIFE"}, "model": "polls.municipio", "pk": 726}, {"fields": {"nombre": "ZAPAYAN"}, "model": "polls.municipio", "pk": 727}, {"fields": {"nombre": "ZONA BANANERA"}, "model": "polls.municipio", "pk": 728}, {"fields": {"nombre": "ACACIAS"}, "model": "polls.municipio", "pk": 729}, {"fields": {"nombre": "BARRANCA DE UPIA"}, "model": "polls.municipio", "pk": 730}, {"fields": {"nombre": "CABUYARO"}, "model": "polls.municipio", "pk": 731}, {"fields": {"nombre": "CASTILLA LA NUEVA"}, "model": "polls.municipio", "pk": 732}, {"fields": {"nombre": "CUBARRAL"}, "model": "polls.municipio", "pk": 733}, {"fields": {"nombre": "CUMARAL"}, "model": "polls.municipio", "pk": 734}, {"fields": {"nombre": "EL CALVARIO"}, "model": "polls.municipio", "pk": 735}, {"fields": {"nombre": "EL CASTILLO"}, "model": "polls.municipio", "pk": 736}, {"fields": {"nombre": "EL DORADO"}, "model": "polls.municipio", "pk": 737}, {"fields": {"nombre": "FUENTE DE ORO"}, "model": "polls.municipio", "pk": 738}, {"fields": {"nombre": "GRANADA"}, "model": "polls.municipio", "pk": 739}, {"fields": {"nombre": "GUAMAL"}, "model": "polls.municipio", "pk": 740}, {"fields": {"nombre": "LA MACARENA"}, "model": "polls.municipio", "pk": 741}, {"fields": {"nombre": "LA URIBE"}, "model": "polls.municipio", "pk": 742}, {"fields": {"nombre": "LEJAN\u00cdAS"}, "model": "polls.municipio", "pk": 743}, {"fields": {"nombre": "MAPIRIP\u00c1N"}, "model": "polls.municipio", "pk": 744}, {"fields": {"nombre": "MESETAS"}, "model": "polls.municipio", "pk": 745}, {"fields": {"nombre": "PUERTO CONCORDIA"}, "model": "polls.municipio", "pk": 746}, {"fields": {"nombre": "PUERTO GAIT\u00c1N"}, "model": "polls.municipio", "pk": 747}, {"fields": {"nombre": "PUERTO LLERAS"}, "model": "polls.municipio", "pk": 748}, {"fields": {"nombre": "PUERTO L\u00d3PEZ"}, "model": "polls.municipio", "pk": 749}, {"fields": {"nombre": "PUERTO RICO"}, "model": "polls.municipio", "pk": 750}, {"fields": {"nombre": "RESTREPO"}, "model": "polls.municipio", "pk": 751}, {"fields": {"nombre": "SAN  JUAN DE ARAMA"}, "model": "polls.municipio", "pk": 752}, {"fields": {"nombre": "SAN CARLOS GUAROA"}, "model": "polls.municipio", "pk": 753}, {"fields": {"nombre": "SAN JUANITO"}, "model": "polls.municipio", "pk": 754}, {"fields": {"nombre": "SAN MART\u00cdN"}, "model": "polls.municipio", "pk": 755}, {"fields": {"nombre": "VILLAVICENCIO"}, "model": "polls.municipio", "pk": 756}, {"fields": {"nombre": "VISTA HERMOSA"}, "model": "polls.municipio", "pk": 757}, {"fields": {"nombre": "ALBAN"}, "model": "polls.municipio", "pk": 758}, {"fields": {"nombre": "ALDA\u00d1A"}, "model": "polls.municipio", "pk": 759}, {"fields": {"nombre": "ANCUYA"}, "model": "polls.municipio", "pk": 760}, {"fields": {"nombre": "ARBOLEDA"}, "model": "polls.municipio", "pk": 761}, {"fields": {"nombre": "BARBACOAS"}, "model": "polls.municipio", "pk": 762}, {"fields": {"nombre": "BELEN"}, "model": "polls.municipio", "pk": 763}, {"fields": {"nombre": "BUESACO"}, "model": "polls.municipio", "pk": 764}, {"fields": {"nombre": "CHACHAGUI"}, "model": "polls.municipio", "pk": 765}, {"fields": {"nombre": "COLON (GENOVA)"}, "model": "polls.municipio", "pk": 766}, {"fields": {"nombre": "CONSACA"}, "model": "polls.municipio", "pk": 767}, {"fields": {"nombre": "CONTADERO"}, "model": "polls.municipio", "pk": 768}, {"fields": {"nombre": "CORDOBA"}, "model": "polls.municipio", "pk": 769}, {"fields": {"nombre": "CUASPUD"}, "model": "polls.municipio", "pk": 770}, {"fields": {"nombre": "CUMBAL"}, "model": "polls.municipio", "pk": 771}, {"fields": {"nombre": "CUMBITARA"}, "model": "polls.municipio", "pk": 772}, {"fields": {"nombre": "EL CHARCO"}, "model": "polls.municipio", "pk": 773}, {"fields": {"nombre": "EL PE\u00d1OL"}, "model": "polls.municipio", "pk": 774}, {"fields": {"nombre": "EL ROSARIO"}, "model": "polls.municipio", "pk": 775}, {"fields": {"nombre": "EL TABL\u00d3N"}, "model": "polls.municipio", "pk": 776}, {"fields": {"nombre": "EL TAMBO"}, "model": "polls.municipio", "pk": 777}, {"fields": {"nombre": "FUNES"}, "model": "polls.municipio", "pk": 778}, {"fields": {"nombre": "GUACHUCAL"}, "model": "polls.municipio", "pk": 779}, {"fields": {"nombre": "GUAITARILLA"}, "model": "polls.municipio", "pk": 780}, {"fields": {"nombre": "GUALMATAN"}, "model": "polls.municipio", "pk": 781}, {"fields": {"nombre": "ILES"}, "model": "polls.municipio", "pk": 782}, {"fields": {"nombre": "IMUES"}, "model": "polls.municipio", "pk": 783}, {"fields": {"nombre": "IPIALES"}, "model": "polls.municipio", "pk": 784}, {"fields": {"nombre": "LA CRUZ"}, "model": "polls.municipio", "pk": 785}, {"fields": {"nombre": "LA FLORIDA"}, "model": "polls.municipio", "pk": 786}, {"fields": {"nombre": "LA LLANADA"}, "model": "polls.municipio", "pk": 787}, {"fields": {"nombre": "LA TOLA"}, "model": "polls.municipio", "pk": 788}, {"fields": {"nombre": "LA UNION"}, "model": "polls.municipio", "pk": 789}, {"fields": {"nombre": "LEIVA"}, "model": "polls.municipio", "pk": 790}, {"fields": {"nombre": "LINARES"}, "model": "polls.municipio", "pk": 791}, {"fields": {"nombre": "LOS ANDES"}, "model": "polls.municipio", "pk": 792}, {"fields": {"nombre": "MAGUI"}, "model": "polls.municipio", "pk": 793}, {"fields": {"nombre": "MALLAMA"}, "model": "polls.municipio", "pk": 794}, {"fields": {"nombre": "MOSQUEZA"}, "model": "polls.municipio", "pk": 795}, {"fields": {"nombre": "NARI\u00d1O"}, "model": "polls.municipio", "pk": 796}, {"fields": {"nombre": "OLAYA HERRERA"}, "model": "polls.municipio", "pk": 797}, {"fields": {"nombre": "OSPINA"}, "model": "polls.municipio", "pk": 798}, {"fields": {"nombre": "PASTO"}, "model": "polls.municipio", "pk": 799}, {"fields": {"nombre": "PIZARRO"}, "model": "polls.municipio", "pk": 800}, {"fields": {"nombre": "POLICARPA"}, "model": "polls.municipio", "pk": 801}, {"fields": {"nombre": "POTOSI"}, "model": "polls.municipio", "pk": 802}, {"fields": {"nombre": "PROVIDENCIA"}, "model": "polls.municipio", "pk": 803}, {"fields": {"nombre": "PUERRES"}, "model": "polls.municipio", "pk": 804}, {"fields": {"nombre": "PUPIALES"}, "model": "polls.municipio", "pk": 805}, {"fields": {"nombre": "RICAURTE"}, "model": "polls.municipio", "pk": 806}, {"fields": {"nombre": "ROBERTO PAYAN"}, "model": "polls.municipio", "pk": 807}, {"fields": {"nombre": "SAMANIEGO"}, "model": "polls.municipio", "pk": 808}, {"fields": {"nombre": "SAN BERNARDO"}, "model": "polls.municipio", "pk": 809}, {"fields": {"nombre": "SAN LORENZO"}, "model": "polls.municipio", "pk": 810}, {"fields": {"nombre": "SAN PABLO"}, "model": "polls.municipio", "pk": 811}, {"fields": {"nombre": "SAN PEDRO DE CARTAGO"}, "model": "polls.municipio", "pk": 812}, {"fields": {"nombre": "SANDONA"}, "model": "polls.municipio", "pk": 813}, {"fields": {"nombre": "SANTA BARBARA"}, "model": "polls.municipio", "pk": 814}, {"fields": {"nombre": "SANTACRUZ"}, "model": "polls.municipio", "pk": 815}, {"fields": {"nombre": "SAPUYES"}, "model": "polls.municipio", "pk": 816}, {"fields": {"nombre": "TAMINANGO"}, "model": "polls.municipio", "pk": 817}, {"fields": {"nombre": "TANGUA"}, "model": "polls.municipio", "pk": 818}, {"fields": {"nombre": "TUMACO"}, "model": "polls.municipio", "pk": 819}, {"fields": {"nombre": "TUQUERRES"}, "model": "polls.municipio", "pk": 820}, {"fields": {"nombre": "YACUANQUER"}, "model": "polls.municipio", "pk": 821}, {"fields": {"nombre": "ABREGO"}, "model": "polls.municipio", "pk": 822}, {"fields": {"nombre": "ARBOLEDAS"}, "model": "polls.municipio", "pk": 823}, {"fields": {"nombre": "BOCHALEMA"}, "model": "polls.municipio", "pk": 824}, {"fields": {"nombre": "BUCARASICA"}, "model": "polls.municipio", "pk": 825}, {"fields": {"nombre": "C\u00c1CHIRA"}, "model": "polls.municipio", "pk": 826}, {"fields": {"nombre": "C\u00c1COTA"}, "model": "polls.municipio", "pk": 827}, {"fields": {"nombre": "CHIN\u00c1COTA"}, "model": "polls.municipio", "pk": 828}, {"fields": {"nombre": "CHITAG\u00c1"}, "model": "polls.municipio", "pk": 829}, {"fields": {"nombre": "CONVENCI\u00d3N"}, "model": "polls.municipio", "pk": 830}, {"fields": {"nombre": "C\u00daCUTA"}, "model": "polls.municipio", "pk": 831}, {"fields": {"nombre": "CUCUTILLA"}, "model": "polls.municipio", "pk": 832}, {"fields": {"nombre": "DURANIA"}, "model": "polls.municipio", "pk": 833}, {"fields": {"nombre": "EL CARMEN"}, "model": "polls.municipio", "pk": 834}, {"fields": {"nombre": "EL TARRA"}, "model": "polls.municipio", "pk": 835}, {"fields": {"nombre": "EL ZULIA"}, "model": "polls.municipio", "pk": 836}, {"fields": {"nombre": "GRAMALOTE"}, "model": "polls.municipio", "pk": 837}, {"fields": {"nombre": "HACARI"}, "model": "polls.municipio", "pk": 838}, {"fields": {"nombre": "HERR\u00c1N"}, "model": "polls.municipio", "pk": 839}, {"fields": {"nombre": "LA ESPERANZA"}, "model": "polls.municipio", "pk": 840}, {"fields": {"nombre": "LA PLAYA"}, "model": "polls.municipio", "pk": 841}, {"fields": {"nombre": "LABATECA"}, "model": "polls.municipio", "pk": 842}, {"fields": {"nombre": "LOS PATIOS"}, "model": "polls.municipio", "pk": 843}, {"fields": {"nombre": "LOURDES"}, "model": "polls.municipio", "pk": 844}, {"fields": {"nombre": "MUTISCUA"}, "model": "polls.municipio", "pk": 845}, {"fields": {"nombre": "OCA\u00d1A"}, "model": "polls.municipio", "pk": 846}, {"fields": {"nombre": "PAMPLONA"}, "model": "polls.municipio", "pk": 847}, {"fields": {"nombre": "PAMPLONITA"}, "model": "polls.municipio", "pk": 848}, {"fields": {"nombre": "PUERTO SANTANDER"}, "model": "polls.municipio", "pk": 849}, {"fields": {"nombre": "RAGONVALIA"}, "model": "polls.municipio", "pk": 850}, {"fields": {"nombre": "SALAZAR"}, "model": "polls.municipio", "pk": 851}, {"fields": {"nombre": "SAN CALIXTO"}, "model": "polls.municipio", "pk": 852}, {"fields": {"nombre": "SAN CAYETANO"}, "model": "polls.municipio", "pk": 853}, {"fields": {"nombre": "SANTIAGO"}, "model": "polls.municipio", "pk": 854}, {"fields": {"nombre": "SARDINATA"}, "model": "polls.municipio", "pk": 855}, {"fields": {"nombre": "SILOS"}, "model": "polls.municipio", "pk": 856}, {"fields": {"nombre": "TEORAMA"}, "model": "polls.municipio", "pk": 857}, {"fields": {"nombre": "TIB\u00da"}, "model": "polls.municipio", "pk": 858}, {"fields": {"nombre": "TOLEDO"}, "model": "polls.municipio", "pk": 859}, {"fields": {"nombre": "VILLA CARO"}, "model": "polls.municipio", "pk": 860}, {"fields": {"nombre": "VILLA DEL ROSARIO"}, "model": "polls.municipio", "pk": 861}, {"fields": {"nombre": "COL\u00d3N"}, "model": "polls.municipio", "pk": 862}, {"fields": {"nombre": "MOCOA"}, "model": "polls.municipio", "pk": 863}, {"fields": {"nombre": "ORITO"}, "model": "polls.municipio", "pk": 864}, {"fields": {"nombre": "PUERTO AS\u00cdS"}, "model": "polls.municipio", "pk": 865}, {"fields": {"nombre": "PUERTO CAYCEDO"}, "model": "polls.municipio", "pk": 866}, {"fields": {"nombre": "PUERTO GUZM\u00c1N"}, "model": "polls.municipio", "pk": 867}, {"fields": {"nombre": "PUERTO LEGU\u00cdZAMO"}, "model": "polls.municipio", "pk": 868}, {"fields": {"nombre": "SAN FRANCISCO"}, "model": "polls.municipio", "pk": 869}, {"fields": {"nombre": "SAN MIGUEL"}, "model": "polls.municipio", "pk": 870}, {"fields": {"nombre": "SANTIAGO"}, "model": "polls.municipio", "pk": 871}, {"fields": {"nombre": "SIBUNDOY"}, "model": "polls.municipio", "pk": 872}, {"fields": {"nombre": "VALLE DEL GUAMUEZ"}, "model": "polls.municipio", "pk": 873}, {"fields": {"nombre": "VILLAGARZ\u00d3N"}, "model": "polls.municipio", "pk": 874}, {"fields": {"nombre": "ARMENIA"}, "model": "polls.municipio", "pk": 875}, {"fields": {"nombre": "BUENAVISTA"}, "model": "polls.municipio", "pk": 876}, {"fields": {"nombre": "CALARC\u00c1"}, "model": "polls.municipio", "pk": 877}, {"fields": {"nombre": "CIRCASIA"}, "model": "polls.municipio", "pk": 878}, {"fields": {"nombre": "C\u00d3RDOBA"}, "model": "polls.municipio", "pk": 879}, {"fields": {"nombre": "FILANDIA"}, "model": "polls.municipio", "pk": 880}, {"fields": {"nombre": "G\u00c9NOVA"}, "model": "polls.municipio", "pk": 881}, {"fields": {"nombre": "LA TEBAIDA"}, "model": "polls.municipio", "pk": 882}, {"fields": {"nombre": "MONTENEGRO"}, "model": "polls.municipio", "pk": 883}, {"fields": {"nombre": "PIJAO"}, "model": "polls.municipio", "pk": 884}, {"fields": {"nombre": "QUIMBAYA"}, "model": "polls.municipio", "pk": 885}, {"fields": {"nombre": "SALENTO"}, "model": "polls.municipio", "pk": 886}, {"fields": {"nombre": "APIA"}, "model": "polls.municipio", "pk": 887}, {"fields": {"nombre": "BALBOA"}, "model": "polls.municipio", "pk": 888}, {"fields": {"nombre": "BEL\u00c9N DE UMBR\u00cdA"}, "model": "polls.municipio", "pk": 889}, {"fields": {"nombre": "DOS QUEBRADAS"}, "model": "polls.municipio", "pk": 890}, {"fields": {"nombre": "GUATICA"}, "model": "polls.municipio", "pk": 891}, {"fields": {"nombre": "LA CELIA"}, "model": "polls.municipio", "pk": 892}, {"fields": {"nombre": "LA VIRGINIA"}, "model": "polls.municipio", "pk": 893}, {"fields": {"nombre": "MARSELLA"}, "model": "polls.municipio", "pk": 894}, {"fields": {"nombre": "MISTRATO"}, "model": "polls.municipio", "pk": 895}, {"fields": {"nombre": "PEREIRA"}, "model": "polls.municipio", "pk": 896}, {"fields": {"nombre": "PUEBLO RICO"}, "model": "polls.municipio", "pk": 897}, {"fields": {"nombre": "QUINCH\u00cdA"}, "model": "polls.municipio", "pk": 898}, {"fields": {"nombre": "SANTA ROSA DE CABAL"}, "model": "polls.municipio", "pk": 899}, {"fields": {"nombre": "SANTUARIO"}, "model": "polls.municipio", "pk": 900}, {"fields": {"nombre": "PROVIDENCIA"}, "model": "polls.municipio", "pk": 901}, {"fields": {"nombre": "SAN ANDRES"}, "model": "polls.municipio", "pk": 902}, {"fields": {"nombre": "SANTA CATALINA"}, "model": "polls.municipio", "pk": 903}, {"fields": {"nombre": "AGUADA"}, "model": "polls.municipio", "pk": 904}, {"fields": {"nombre": "ALBANIA"}, "model": "polls.municipio", "pk": 905}, {"fields": {"nombre": "ARATOCA"}, "model": "polls.municipio", "pk": 906}, {"fields": {"nombre": "BARBOSA"}, "model": "polls.municipio", "pk": 907}, {"fields": {"nombre": "BARICHARA"}, "model": "polls.municipio", "pk": 908}, {"fields": {"nombre": "BARRANCABERMEJA"}, "model": "polls.municipio", "pk": 909}, {"fields": {"nombre": "BETULIA"}, "model": "polls.municipio", "pk": 910}, {"fields": {"nombre": "BOL\u00cdVAR"}, "model": "polls.municipio", "pk": 911}, {"fields": {"nombre": "BUCARAMANGA"}, "model": "polls.municipio", "pk": 912}, {"fields": {"nombre": "CABRERA"}, "model": "polls.municipio", "pk": 913}, {"fields": {"nombre": "CALIFORNIA"}, "model": "polls.municipio", "pk": 914}, {"fields": {"nombre": "CAPITANEJO"}, "model": "polls.municipio", "pk": 915}, {"fields": {"nombre": "CARCASI"}, "model": "polls.municipio", "pk": 916}, {"fields": {"nombre": "CEPITA"}, "model": "polls.municipio", "pk": 917}, {"fields": {"nombre": "CERRITO"}, "model": "polls.municipio", "pk": 918}, {"fields": {"nombre": "CHARAL\u00c1"}, "model": "polls.municipio", "pk": 919}, {"fields": {"nombre": "CHARTA"}, "model": "polls.municipio", "pk": 920}, {"fields": {"nombre": "CHIMA"}, "model": "polls.municipio", "pk": 921}, {"fields": {"nombre": "CHIPAT\u00c1"}, "model": "polls.municipio", "pk": 922}, {"fields": {"nombre": "CIMITARRA"}, "model": "polls.municipio", "pk": 923}, {"fields": {"nombre": "CONCEPCI\u00d3N"}, "model": "polls.municipio", "pk": 924}, {"fields": {"nombre": "CONFINES"}, "model": "polls.municipio", "pk": 925}, {"fields": {"nombre": "CONTRATACI\u00d3N"}, "model": "polls.municipio", "pk": 926}, {"fields": {"nombre": "COROMORO"}, "model": "polls.municipio", "pk": 927}, {"fields": {"nombre": "CURIT\u00cd"}, "model": "polls.municipio", "pk": 928}, {"fields": {"nombre": "EL CARMEN"}, "model": "polls.municipio", "pk": 929}, {"fields": {"nombre": "EL GUACAMAYO"}, "model": "polls.municipio", "pk": 930}, {"fields": {"nombre": "EL PE\u00d1\u00d3N"}, "model": "polls.municipio", "pk": 931}, {"fields": {"nombre": "EL PLAY\u00d3N"}, "model": "polls.municipio", "pk": 932}, {"fields": {"nombre": "ENCINO"}, "model": "polls.municipio", "pk": 933}, {"fields": {"nombre": "ENCISO"}, "model": "polls.municipio", "pk": 934}, {"fields": {"nombre": "FLORI\u00c1N"}, "model": "polls.municipio", "pk": 935}, {"fields": {"nombre": "FLORIDABLANCA"}, "model": "polls.municipio", "pk": 936}, {"fields": {"nombre": "GAL\u00c1N"}, "model": "polls.municipio", "pk": 937}, {"fields": {"nombre": "GAMBITA"}, "model": "polls.municipio", "pk": 938}, {"fields": {"nombre": "GIR\u00d3N"}, "model": "polls.municipio", "pk": 939}, {"fields": {"nombre": "GUACA"}, "model": "polls.municipio", "pk": 940}, {"fields": {"nombre": "GUADALUPE"}, "model": "polls.municipio", "pk": 941}, {"fields": {"nombre": "GUAPOTA"}, "model": "polls.municipio", "pk": 942}, {"fields": {"nombre": "GUAVAT\u00c1"}, "model": "polls.municipio", "pk": 943}, {"fields": {"nombre": "GUEPSA"}, "model": "polls.municipio", "pk": 944}, {"fields": {"nombre": "HATO"}, "model": "polls.municipio", "pk": 945}, {"fields": {"nombre": "JES\u00daS MARIA"}, "model": "polls.municipio", "pk": 946}, {"fields": {"nombre": "JORD\u00c1N"}, "model": "polls.municipio", "pk": 947}, {"fields": {"nombre": "LA BELLEZA"}, "model": "polls.municipio", "pk": 948}, {"fields": {"nombre": "LA PAZ"}, "model": "polls.municipio", "pk": 949}, {"fields": {"nombre": "LANDAZURI"}, "model": "polls.municipio", "pk": 950}, {"fields": {"nombre": "LEBRIJA"}, "model": "polls.municipio", "pk": 951}, {"fields": {"nombre": "LOS SANTOS"}, "model": "polls.municipio", "pk": 952}, {"fields": {"nombre": "MACARAVITA"}, "model": "polls.municipio", "pk": 953}, {"fields": {"nombre": "M\u00c1LAGA"}, "model": "polls.municipio", "pk": 954}, {"fields": {"nombre": "MATANZA"}, "model": "polls.municipio", "pk": 955}, {"fields": {"nombre": "MOGOTES"}, "model": "polls.municipio", "pk": 956}, {"fields": {"nombre": "MOLAGAVITA"}, "model": "polls.municipio", "pk": 957}, {"fields": {"nombre": "OCAMONTE"}, "model": "polls.municipio", "pk": 958}, {"fields": {"nombre": "OIBA"}, "model": "polls.municipio", "pk": 959}, {"fields": {"nombre": "ONZAGA"}, "model": "polls.municipio", "pk": 960}, {"fields": {"nombre": "PALMAR"}, "model": "polls.municipio", "pk": 961}, {"fields": {"nombre": "PALMAS DEL SOCORRO"}, "model": "polls.municipio", "pk": 962}, {"fields": {"nombre": "P\u00c1RAMO"}, "model": "polls.municipio", "pk": 963}, {"fields": {"nombre": "PIEDECUESTA"}, "model": "polls.municipio", "pk": 964}, {"fields": {"nombre": "PINCHOTE"}, "model": "polls.municipio", "pk": 965}, {"fields": {"nombre": "PUENTE NACIONAL"}, "model": "polls.municipio", "pk": 966}, {"fields": {"nombre": "PUERTO PARRA"}, "model": "polls.municipio", "pk": 967}, {"fields": {"nombre": "PUERTO WILCHES"}, "model": "polls.municipio", "pk": 968}, {"fields": {"nombre": "RIONEGRO"}, "model": "polls.municipio", "pk": 969}, {"fields": {"nombre": "SABANA DE TORRES"}, "model": "polls.municipio", "pk": 970}, {"fields": {"nombre": "SAN ANDR\u00c9S"}, "model": "polls.municipio", "pk": 971}, {"fields": {"nombre": "SAN BENITO"}, "model": "polls.municipio", "pk": 972}, {"fields": {"nombre": "SAN GIL"}, "model": "polls.municipio", "pk": 973}, {"fields": {"nombre": "SAN JOAQU\u00cdN"}, "model": "polls.municipio", "pk": 974}, {"fields": {"nombre": "SAN JOS\u00c9 DE MIRANDA"}, "model": "polls.municipio", "pk": 975}, {"fields": {"nombre": "SAN MIGUEL"}, "model": "polls.municipio", "pk": 976}, {"fields": {"nombre": "SAN VICENTE DE CHUCUR\u00cd"}, "model": "polls.municipio", "pk": 977}, {"fields": {"nombre": "SANTA B\u00c1RBARA"}, "model": "polls.municipio", "pk": 978}, {"fields": {"nombre": "SANTA HELENA"}, "model": "polls.municipio", "pk": 979}, {"fields": {"nombre": "SIMACOTA"}, "model": "polls.municipio", "pk": 980}, {"fields": {"nombre": "SOCORRO"}, "model": "polls.municipio", "pk": 981}, {"fields": {"nombre": "SUAITA"}, "model": "polls.municipio", "pk": 982}, {"fields": {"nombre": "SUCRE"}, "model": "polls.municipio", "pk": 983}, {"fields": {"nombre": "SURATA"}, "model": "polls.municipio", "pk": 984}, {"fields": {"nombre": "TONA"}, "model": "polls.municipio", "pk": 985}, {"fields": {"nombre": "VALLE SAN JOS\u00c9"}, "model": "polls.municipio", "pk": 986}, {"fields": {"nombre": "V\u00c9LEZ"}, "model": "polls.municipio", "pk": 987}, {"fields": {"nombre": "VETAS"}, "model": "polls.municipio", "pk": 988}, {"fields": {"nombre": "VILLANUEVA"}, "model": "polls.municipio", "pk": 989}, {"fields": {"nombre": "ZAPATOCA"}, "model": "polls.municipio", "pk": 990}, {"fields": {"nombre": "BUENAVISTA"}, "model": "polls.municipio", "pk": 991}, {"fields": {"nombre": "CAIMITO"}, "model": "polls.municipio", "pk": 992}, {"fields": {"nombre": "CHAL\u00c1N"}, "model": "polls.municipio", "pk": 993}, {"fields": {"nombre": "COLOSO"}, "model": "polls.municipio", "pk": 994}, {"fields": {"nombre": "COROZAL"}, "model": "polls.municipio", "pk": 995}, {"fields": {"nombre": "EL ROBLE"}, "model": "polls.municipio", "pk": 996}, {"fields": {"nombre": "GALERAS"}, "model": "polls.municipio", "pk": 997}, {"fields": {"nombre": "GUARANDA"}, "model": "polls.municipio", "pk": 998}, {"fields": {"nombre": "LA UNI\u00d3N"}, "model": "polls.municipio", "pk": 999}, {"fields": {"nombre": "LOS PALMITOS"}, "model": "polls.municipio", "pk": 1000}, {"fields": {"nombre": "MAJAGUAL"}, "model": "polls.municipio", "pk": 1001}, {"fields": {"nombre": "MORROA"}, "model": "polls.municipio", "pk": 1002}, {"fields": {"nombre": "OVEJAS"}, "model": "polls.municipio", "pk": 1003}, {"fields": {"nombre": "PALMITO"}, "model": "polls.municipio", "pk": 1004}, {"fields": {"nombre": "SAMPUES"}, "model": "polls.municipio", "pk": 1005}, {"fields": {"nombre": "SAN BENITO ABAD"}, "model": "polls.municipio", "pk": 1006}, {"fields": {"nombre": "SAN JUAN DE BETULIA"}, "model": "polls.municipio", "pk": 1007}, {"fields": {"nombre": "SAN MARCOS"}, "model": "polls.municipio", "pk": 1008}, {"fields": {"nombre": "SAN ONOFRE"}, "model": "polls.municipio", "pk": 1009}, {"fields": {"nombre": "SAN PEDRO"}, "model": "polls.municipio", "pk": 1010}, {"fields": {"nombre": "SINC\u00c9"}, "model": "polls.municipio", "pk": 1011}, {"fields": {"nombre": "SINCELEJO"}, "model": "polls.municipio", "pk": 1012}, {"fields": {"nombre": "SUCRE"}, "model": "polls.municipio", "pk": 1013}, {"fields": {"nombre": "TOL\u00da"}, "model": "polls.municipio", "pk": 1014}, {"fields": {"nombre": "TOLUVIEJO"}, "model": "polls.municipio", "pk": 1015}, {"fields": {"nombre": "ALPUJARRA"}, "model": "polls.municipio", "pk": 1016}, {"fields": {"nombre": "ALVARADO"}, "model": "polls.municipio", "pk": 1017}, {"fields": {"nombre": "AMBALEMA"}, "model": "polls.municipio", "pk": 1018}, {"fields": {"nombre": "ANZOATEGUI"}, "model": "polls.municipio", "pk": 1019}, {"fields": {"nombre": "ARMERO (GUAYABAL)"}, "model": "polls.municipio", "pk": 1020}, {"fields": {"nombre": "ATACO"}, "model": "polls.municipio", "pk": 1021}, {"fields": {"nombre": "CAJAMARCA"}, "model": "polls.municipio", "pk": 1022}, {"fields": {"nombre": "CARMEN DE APICAL\u00c1"}, "model": "polls.municipio", "pk": 1023}, {"fields": {"nombre": "CASABIANCA"}, "model": "polls.municipio", "pk": 1024}, {"fields": {"nombre": "CHAPARRAL"}, "model": "polls.municipio", "pk": 1025}, {"fields": {"nombre": "COELLO"}, "model": "polls.municipio", "pk": 1026}, {"fields": {"nombre": "COYAIMA"}, "model": "polls.municipio", "pk": 1027}, {"fields": {"nombre": "CUNDAY"}, "model": "polls.municipio", "pk": 1028}, {"fields": {"nombre": "DOLORES"}, "model": "polls.municipio", "pk": 1029}, {"fields": {"nombre": "ESPINAL"}, "model": "polls.municipio", "pk": 1030}, {"fields": {"nombre": "FAL\u00c1N"}, "model": "polls.municipio", "pk": 1031}, {"fields": {"nombre": "FLANDES"}, "model": "polls.municipio", "pk": 1032}, {"fields": {"nombre": "FRESNO"}, "model": "polls.municipio", "pk": 1033}, {"fields": {"nombre": "GUAMO"}, "model": "polls.municipio", "pk": 1034}, {"fields": {"nombre": "HERVEO"}, "model": "polls.municipio", "pk": 1035}, {"fields": {"nombre": "HONDA"}, "model": "polls.municipio", "pk": 1036}, {"fields": {"nombre": "IBAGU\u00c9"}, "model": "polls.municipio", "pk": 1037}, {"fields": {"nombre": "ICONONZO"}, "model": "polls.municipio", "pk": 1038}, {"fields": {"nombre": "L\u00c9RIDA"}, "model": "polls.municipio", "pk": 1039}, {"fields": {"nombre": "L\u00cdBANO"}, "model": "polls.municipio", "pk": 1040}, {"fields": {"nombre": "MARIQUITA"}, "model": "polls.municipio", "pk": 1041}, {"fields": {"nombre": "MELGAR"}, "model": "polls.municipio", "pk": 1042}, {"fields": {"nombre": "MURILLO"}, "model": "polls.municipio", "pk": 1043}, {"fields": {"nombre": "NATAGAIMA"}, "model": "polls.municipio", "pk": 1044}, {"fields": {"nombre": "ORTEGA"}, "model": "polls.municipio", "pk": 1045}, {"fields": {"nombre": "PALOCABILDO"}, "model": "polls.municipio", "pk": 1046}, {"fields": {"nombre": "PIEDRAS PLANADAS"}, "model": "polls.municipio", "pk": 1047}, {"fields": {"nombre": "PRADO"}, "model": "polls.municipio", "pk": 1048}, {"fields": {"nombre": "PURIFICACI\u00d3N"}, "model": "polls.municipio", "pk": 1049}, {"fields": {"nombre": "RIOBLANCO"}, "model": "polls.municipio", "pk": 1050}, {"fields": {"nombre": "RONCESVALLES"}, "model": "polls.municipio", "pk": 1051}, {"fields": {"nombre": "ROVIRA"}, "model": "polls.municipio", "pk": 1052}, {"fields": {"nombre": "SALDA\u00d1A"}, "model": "polls.municipio", "pk": 1053}, {"fields": {"nombre": "SAN ANTONIO"}, "model": "polls.municipio", "pk": 1054}, {"fields": {"nombre": "SAN LUIS"}, "model": "polls.municipio", "pk": 1055}, {"fields": {"nombre": "SANTA ISABEL"}, "model": "polls.municipio", "pk": 1056}, {"fields": {"nombre": "SU\u00c1REZ"}, "model": "polls.municipio", "pk": 1057}, {"fields": {"nombre": "VALLE DE SAN JUAN"}, "model": "polls.municipio", "pk": 1058}, {"fields": {"nombre": "VENADILLO"}, "model": "polls.municipio", "pk": 1059}, {"fields": {"nombre": "VILLAHERMOSA"}, "model": "polls.municipio", "pk": 1060}, {"fields": {"nombre": "VILLARRICA"}, "model": "polls.municipio", "pk": 1061}, {"fields": {"nombre": "ALCAL\u00c1"}, "model": "polls.municipio", "pk": 1062}, {"fields": {"nombre": "ANDALUC\u00cdA"}, "model": "polls.municipio", "pk": 1063}, {"fields": {"nombre": "ANSERMA NUEVO"}, "model": "polls.municipio", "pk": 1064}, {"fields": {"nombre": "ARGELIA"}, "model": "polls.municipio", "pk": 1065}, {"fields": {"nombre": "BOL\u00cdVAR"}, "model": "polls.municipio", "pk": 1066}, {"fields": {"nombre": "BUENAVENTURA"}, "model": "polls.municipio", "pk": 1067}, {"fields": {"nombre": "BUGA"}, "model": "polls.municipio", "pk": 1068}, {"fields": {"nombre": "BUGALAGRANDE"}, "model": "polls.municipio", "pk": 1069}, {"fields": {"nombre": "CAICEDONIA"}, "model": "polls.municipio", "pk": 1070}, {"fields": {"nombre": "CALI"}, "model": "polls.municipio", "pk": 1071}, {"fields": {"nombre": "CALIMA (DARIEN)"}, "model": "polls.municipio", "pk": 1072}, {"fields": {"nombre": "CANDELARIA"}, "model": "polls.municipio", "pk": 1073}, {"fields": {"nombre": "CARTAGO"}, "model": "polls.municipio", "pk": 1074}, {"fields": {"nombre": "DAGUA"}, "model": "polls.municipio", "pk": 1075}, {"fields": {"nombre": "EL AGUILA"}, "model": "polls.municipio", "pk": 1076}, {"fields": {"nombre": "EL CAIRO"}, "model": "polls.municipio", "pk": 1077}, {"fields": {"nombre": "EL CERRITO"}, "model": "polls.municipio", "pk": 1078}, {"fields": {"nombre": "EL DOVIO"}, "model": "polls.municipio", "pk": 1079}, {"fields": {"nombre": "FLORIDA"}, "model": "polls.municipio", "pk": 1080}, {"fields": {"nombre": "GINEBRA GUACARI"}, "model": "polls.municipio", "pk": 1081}, {"fields": {"nombre": "JAMUND\u00cd"}, "model": "polls.municipio", "pk": 1082}, {"fields": {"nombre": "LA CUMBRE"}, "model": "polls.municipio", "pk": 1083}, {"fields": {"nombre": "LA UNI\u00d3N"}, "model": "polls.municipio", "pk": 1084}, {"fields": {"nombre": "LA VICTORIA"}, "model": "polls.municipio", "pk": 1085}, {"fields": {"nombre": "OBANDO"}, "model": "polls.municipio", "pk": 1086}, {"fields": {"nombre": "PALMIRA"}, "model": "polls.municipio", "pk": 1087}, {"fields": {"nombre": "PRADERA"}, "model": "polls.municipio", "pk": 1088}, {"fields": {"nombre": "RESTREPO"}, "model": "polls.municipio", "pk": 1089}, {"fields": {"nombre": "RIO FR\u00cdO"}, "model": "polls.municipio", "pk": 1090}, {"fields": {"nombre": "ROLDANILLO"}, "model": "polls.municipio", "pk": 1091}, {"fields": {"nombre": "SAN PEDRO"}, "model": "polls.municipio", "pk": 1092}, {"fields": {"nombre": "SEVILLA"}, "model": "polls.municipio", "pk": 1093}, {"fields": {"nombre": "TORO"}, "model": "polls.municipio", "pk": 1094}, {"fields": {"nombre": "TRUJILLO"}, "model": "polls.municipio", "pk": 1095}, {"fields": {"nombre": "TUL\u00daA"}, "model": "polls.municipio", "pk": 1096}, {"fields": {"nombre": "ULLOA"}, "model": "polls.municipio", "pk": 1097}, {"fields": {"nombre": "VERSALLES"}, "model": "polls.municipio", "pk": 1098}, {"fields": {"nombre": "VIJES"}, "model": "polls.municipio", "pk": 1099}, {"fields": {"nombre": "YOTOCO"}, "model": "polls.municipio", "pk": 1100}, {"fields": {"nombre": "YUMBO"}, "model": "polls.municipio", "pk": 1101}, {"fields": {"nombre": "ZARZAL"}, "model": "polls.municipio", "pk": 1102}, {"fields": {"nombre": "CARUR\u00da"}, "model": "polls.municipio", "pk": 1103}, {"fields": {"nombre": "MIT\u00da"}, "model": "polls.municipio", "pk": 1104}, {"fields": {"nombre": "PACOA"}, "model": "polls.municipio", "pk": 1105}, {"fields": {"nombre": "PAPUNAUA"}, "model": "polls.municipio", "pk": 1106}, {"fields": {"nombre": "TARAIRA"}, "model": "polls.municipio", "pk": 1107}, {"fields": {"nombre": "YAVARAT\u00c9"}, "model": "polls.municipio", "pk": 1108}, {"fields": {"nombre": "CUMARIBO"}, "model": "polls.municipio", "pk": 1109}, {"fields": {"nombre": "LA PRIMAVERA"}, "model": "polls.municipio", "pk": 1110}, {"fields": {"nombre": "PUERTO CARRE\u00d1O"}, "model": "polls.municipio", "pk": 1111}, {"fields": {"nombre": "SANTA ROSALIA"}, "model": "polls.municipio", "pk": 1112}, {"fields": {"nombre": "Administraci\u00f3n de Empresas", "base": "T"}, "model": "polls.carreer", "pk": 1}, {"fields": {"nombre": "Administraci\u00f3n de Empresas", "base": "C"}, "model": "polls.carreer", "pk": 2}, {"fields": {"nombre": "Administraci\u00f3n de Empresas", "base": "S"}, "model": "polls.carreer", "pk": 3}, {"fields": {"nombre": "Administraci\u00f3n de Empresas Agropecuarias", "base": "D"}, "model": "polls.carreer", "pk": 4}, {"fields": {"nombre": "Administraci\u00f3n Industrial", "base": "D"}, "model": "polls.carreer", "pk": 5}, {"fields": {"nombre": "Administraci\u00f3n Tur\u00edstica y Hotelera", "base": "D"}, "model": "polls.carreer", "pk": 6}, {"fields": {"nombre": "Contadur\u00eda P\u00fablica", "base": "T"}, "model": "polls.carreer", "pk": 7}, {"fields": {"nombre": "Contadur\u00eda P\u00fablica", "base": "C"}, "model": "polls.carreer", "pk": 8}, {"fields": {"nombre": "Contadur\u00eda P\u00fablica", "base": "S"}, "model": "polls.carreer", "pk": 9}, {"fields": {"nombre": "Biolog\u00eda", "base": "T"}, "model": "polls.carreer", "pk": 10}, {"fields": {"nombre": "Derecho", "base": "T"}, "model": "polls.carreer", "pk": 11}, {"fields": {"nombre": "Dise\u00f1o Industrial", "base": "D"}, "model": "polls.carreer", "pk": 12}, {"fields": {"nombre": "Econom\u00eda", "base": "T"}, "model": "polls.carreer", "pk": 13}, {"fields": {"nombre": "Enfermer\u00eda", "base": "T"}, "model": "polls.carreer", "pk": 14}, {"fields": {"nombre": "F\u00edsica", "base": "T"}, "model": "polls.carreer", "pk": 15}, {"fields": {"nombre": "Ingenier\u00eda Agron\u00f3mica", "base": "T"}, "model": "polls.carreer", "pk": 16}, {"fields": {"nombre": "Ingenier\u00eda Ambiental", "base": "T"}, "model": "polls.carreer", "pk": 17}, {"fields": {"nombre": "Ingenier\u00eda Civil", "base": "T"}, "model": "polls.carreer", "pk": 18}, {"fields": {"nombre": "Ingenier\u00eda Electr\u00f3nica", "base": "T"}, "model": "polls.carreer", "pk": 19}, {"fields": {"nombre": "Ingenier\u00eda Electr\u00f3nica", "base": "S"}, "model": "polls.carreer", "pk": 20}, {"fields": {"nombre": "Ingenier\u00eda Electromec\u00e1nica", "base": "D"}, "model": "polls.carreer", "pk": 21}, {"fields": {"nombre": "Ingenier\u00eda Geol\u00f3gica", "base": "S"}, "model": "polls.carreer", "pk": 22}, {"fields": {"nombre": "Ingenier\u00eda Industrial", "base": "S"}, "model": "polls.carreer", "pk": 23}, {"fields": {"nombre": "Ingenier\u00eda Metal\u00fargica", "base": "T"}, "model": "polls.carreer", "pk": 24}, {"fields": {"nombre": "Ingenier\u00eda de Minas", "base": "S"}, "model": "polls.carreer", "pk": 25}, {"fields": {"nombre": "Ingenier\u00eda de Sistemas y Computaci\u00f3n", "base": "T"}, "model": "polls.carreer", "pk": 26}, {"fields": {"nombre": "Ingenier\u00eda de Sistemas y Computaci\u00f3n", "base": "S"}, "model": "polls.carreer", "pk": 27}, {"fields": {"nombre": "Ingenier\u00eda de Transporte y V\u00edas", "base": "T"}, "model": "polls.carreer", "pk": 28}, {"fields": {"nombre": "Licenciatura en Artes Pl\u00e1sticas", "base": "T"}, "model": "polls.carreer", "pk": 29}, {"fields": {"nombre": "Licenciatura en Ciencias Naturales y Educaci\u00f3n Ambiental", "base": "T"}, "model": "polls.carreer", "pk": 30}, {"fields": {"nombre": "Licenciatura en Ciencias Sociales", "base": "T"}, "model": "polls.carreer", "pk": 31}, {"fields": {"nombre": "Licenciatura en Educaci\u00f3n B\u00e1sica con \u00e9nfasis en Matem\u00e1tica, Humanidades y Lengua Castellana", "base": "T"}, "model": "polls.carreer", "pk": 32}, {"fields": {"nombre": "Licenciatura en Educaci\u00f3n F\u00edsica, Recreaci\u00f3n y Deporte", "base": "T"}, "model": "polls.carreer", "pk": 33}, {"fields": {"nombre": "Licenciatura en Educaci\u00f3n F\u00edsica, Recreaci\u00f3n y Deporte", "base": "C"}, "model": "polls.carreer", "pk": 34}, {"fields": {"nombre": "Licenciatura en Filosof\u00eda", "base": "T"}, "model": "polls.carreer", "pk": 35}, {"fields": {"nombre": "Licenciatura en Educaci\u00f3n Preescolar", "base": "T"}, "model": "polls.carreer", "pk": 36}, {"fields": {"nombre": "Licenciatura en Idiomas Modernos Espa\u00f1ol", "base": "T"}, "model": "polls.carreer", "pk": 37}, {"fields": {"nombre": "Licenciatura en Inform\u00e1tica y Tecnolog\u00eda", "base": "T"}, "model": "polls.carreer", "pk": 38}, {"fields": {"nombre": "Licenciatura en Lenguas Extranjeras", "base": "T"}, "model": "polls.carreer", "pk": 39}, {"fields": {"nombre": "Licenciatura en Matem\u00e1ticas", "base": "T"}, "model": "polls.carreer", "pk": 40}, {"fields": {"nombre": "Licenciatura en Matem\u00e1ticas y Estad\u00edstica", "base": "D"}, "model": "polls.carreer", "pk": 41}, {"fields": {"nombre": "Licenciatura en M\u00fasica", "base": "T"}, "model": "polls.carreer", "pk": 42}, {"fields": {"nombre": "Licenciatura en Psicopedagog\u00eda \u00e9nfasis en Asesor\u00eda Educativa", "base": "T"}, "model": "polls.carreer", "pk": 43}, {"fields": {"nombre": "Licenciatura en Tecnolog\u00eda", "base": "D"}, "model": "polls.carreer", "pk": 44}, {"fields": {"nombre": "Matem\u00e1ticas", "base": "T"}, "model": "polls.carreer", "pk": 45}, {"fields": {"nombre": "Medicina", "base": "T"}, "model": "polls.carreer", "pk": 46}, {"fields": {"nombre": "Medicina Veterinaria y Zootecnia", "base": "T"}, "model": "polls.carreer", "pk": 47}, {"fields": {"nombre": "Psicolog\u00eda", "base": "T"}, "model": "polls.carreer", "pk": 48}, {"fields": {"nombre": "Qu\u00edmica", "base": "T"}, "model": "polls.carreer", "pk": 49}, {"fields": {"description": "<p style=\"text-align: center;\"><strong>(Beck Scale for Suicide Ideation, BSSI, Beck, Kovacs y Wasserman, 1979)</strong><strong></strong></p><p style=\"text-align: center;\">(Traducci\u00f3n y adaptaci\u00f3n de C. V\u00e1zquez)</p>", "instructions": "<p>Seleccione una de las opciones para cada pregunta. Una vez elegida su respuesta presione el bot\u00f3n \"Continuar\" para almacenar la respuesta y continuar con la siguiente.</p>", "start_date": "2014-10-31T01:44:47Z", "end_date": "2014-10-31T02:33:03Z", "title": "Escala de Ideaci\u00f3n Suicida"}, "model": "polls.poll", "pk": 1}, {"fields": {"text": "I. CARACTER\u00cdSTICAS DE ACTITUDES HACIA VIVIR/MORIR", "poll": 1, "index": 1}, "model": "polls.pollsection", "pk": 1}, {"fields": {"text": "II. CARACTER\u00cdSTICAS DEL DESEO/IDEACION DE SUICIDIO", "poll": 1, "index": 2}, "model": "polls.pollsection", "pk": 2}, {"fields": {"text": "III. CARACTER\u00cdSTICAS DEL INTENTO EN CUESTI\u00d3N", "poll": 1, "index": 3}, "model": "polls.pollsection", "pk": 3}, {"fields": {"text": "IV. ACTUALIZACI\u00d3N DEL INTENTO EN CUESTI\u00d3N", "poll": 1, "index": 4}, "model": "polls.pollsection", "pk": 4}, {"fields": {"text": "V. FACTORES PREVIOS (no incluibles en la puntuaci\u00f3n total)", "poll": 1, "index": 5}, "model": "polls.pollsection", "pk": 5}, {"fields": {"text": "Deseo de vivir", "section": 1, "poll": 1, "instructions": "Elija una de las opciones y presione \"Continuar\".", "index": 1}, "model": "polls.question", "pk": 2}, {"fields": {"text": "Deseo de morir", "section": 1, "poll": 1, "instructions": "Elija una de las opciones y presione \"Continuar\".", "index": 2}, "model": "polls.question", "pk": 3}, {"fields": {"text": "Razones para vivir/morir", "section": 1, "poll": 1, "instructions": "Elija una de las opciones y presione \"Continuar\".", "index": 3}, "model": "polls.question", "pk": 4}, {"fields": {"text": "Deseo de efectuar un intento activo de suicidio", "section": 1, "poll": 1, "instructions": "Elija una de las opciones y presione \"Continuar\".", "index": 4}, "model": "polls.question", "pk": 5}, {"fields": {"text": "Intento pasivo de suicidio", "section": 1, "poll": 1, "instructions": "Elija una de las opciones y presione \"Continuar\".", "index": 5}, "model": "polls.question", "pk": 6}, {"fields": {"text": "Dimensi\u00f3n temporal: Duraci\u00f3n", "section": 2, "poll": 1, "instructions": "Elija una de las opciones y presione \"Continuar\".", "index": 6}, "model": "polls.question", "pk": 7}, {"fields": {"text": "Dimensi\u00f3n temporal: frecuencia", "section": 2, "poll": 1, "instructions": "Elija una de las opciones y presione \"Continuar\".", "index": 7}, "model": "polls.question", "pk": 8}, {"fields": {"text": "Actitud hacia la ideaci\u00f3n/deseo", "section": 2, "poll": 1, "instructions": "Elija una de las opciones y presione \"Continuar\".", "index": 8}, "model": "polls.question", "pk": 9}, {"fields": {"text": "Control sobre el deseo de actuaci\u00f3n o acto suicida", "section": 2, "poll": 1, "instructions": "Elija una de las opciones y presione \"Continuar\".", "index": 9}, "model": "polls.question", "pk": 10}, {"fields": {"text": "Barreras para el intento activo (por ejemplo: la familia, religi\u00f3n, posibilidad de lesi\u00f3n grave si se fracasa; irreversibilidad del intento)", "section": 2, "poll": 1, "instructions": "Elija una de las opciones y presione \"Continuar\".", "index": 10}, "model": "polls.question", "pk": 11}, {"fields": {"text": "Raz\u00f3n del intento en cuesti\u00f3n", "section": 2, "poll": 1, "instructions": "Elija una de las opciones y presione \"Continuar\".", "index": 11}, "model": "polls.question", "pk": 12}, {"fields": {"text": "M\u00e9todo: Especificidad/planeaci\u00f3n", "section": 3, "poll": 1, "instructions": "Elija una de las opciones y presione \"Continuar\".", "index": 12}, "model": "polls.question", "pk": 13}, {"fields": {"text": "M\u00e9todo: Disponibilidad/oportunidad", "section": 3, "poll": 1, "instructions": "Elija una de las opciones y presione \"Continuar\".", "index": 13}, "model": "polls.question", "pk": 14}, {"fields": {"text": "Sensaci\u00f3n de \u00abcapacidad\u00bb para llevar a cabo un intento", "section": 3, "poll": 1, "instructions": "Elija una de las opciones y presione \"Continuar\".", "index": 14}, "model": "polls.question", "pk": 15}, {"fields": {"text": "Expectativas/anticipaci\u00f3n del intento real", "section": 3, "poll": 1, "instructions": "Elija una de las opciones y presione \"Continuar\".", "index": 15}, "model": "polls.question", "pk": 16}, {"fields": {"text": "Preparaci\u00f3n real", "section": 4, "poll": 1, "instructions": "Elija una de las opciones y presione \"Continuar\".", "index": 16}, "model": "polls.question", "pk": 17}, {"fields": {"text": "Nota de suicidio", "section": 4, "poll": 1, "instructions": "Elija una de las opciones y presione \"Continuar\".", "index": 17}, "model": "polls.question", "pk": 18}, {"fields": {"text": "Actos finales de anticipaci\u00f3n de la muerte (por ejemplo: seguros, testamento, donaciones)", "section": 4, "poll": 1, "instructions": "Elija una de las opciones y presione \"Continuar\".", "index": 18}, "model": "polls.question", "pk": 19}, {"fields": {"text": "Enga\u00f1o/encubrimiento del enga\u00f1o", "section": 4, "poll": 1, "instructions": "Elija una de las opciones y presione \"Continuar\".", "index": 19}, "model": "polls.question", "pk": 20}, {"fields": {"text": "Intentos previos de suicidio", "section": 5, "poll": 1, "instructions": "Elija una de las opciones y presione \"Continuar\".", "index": 20}, "model": "polls.question", "pk": 21}, {"fields": {"text": "Intenci\u00f3n de morir asociada con el \u00faltimo intento", "section": 5, "poll": 1, "instructions": "Elija una de las opciones y presione \"Continuar\".", "index": 21}, "model": "polls.question", "pk": 22}, {"fields": {"text": "0: Moderado a fuerte", "question": 2, "index": 1}, "model": "polls.option", "pk": 1}, {"fields": {"text": "1: D\u00e9bil", "question": 2, "index": 2}, "model": "polls.option", "pk": 2}, {"fields": {"text": "2: Ninguno", "question": 2, "index": 3}, "model": "polls.option", "pk": 3}, {"fields": {"text": "0: Ninguno", "question": 3, "index": 1}, "model": "polls.option", "pk": 4}, {"fields": {"text": "1: D\u00e9bil", "question": 3, "index": 2}, "model": "polls.option", "pk": 5}, {"fields": {"text": "2: Moderado a fuerte", "question": 3, "index": 3}, "model": "polls.option", "pk": 6}, {"fields": {"text": "0: Las de vivir superan a las de morir", "question": 4, "index": 1}, "model": "polls.option", "pk": 7}, {"fields": {"text": "1: Mas o menos igual", "question": 4, "index": 2}, "model": "polls.option", "pk": 8}, {"fields": {"text": "2: Las de morir superan a las de vivir", "question": 4, "index": 3}, "model": "polls.option", "pk": 9}, {"fields": {"text": "0: Ninguno", "question": 5, "index": 1}, "model": "polls.option", "pk": 10}, {"fields": {"text": "1: D\u00e9bil", "question": 5, "index": 2}, "model": "polls.option", "pk": 11}, {"fields": {"text": "2: Moderado a fuerte", "question": 5, "index": 3}, "model": "polls.option", "pk": 12}, {"fields": {"text": "0: Tomar\u00eda precauciones para salvar la vida", "question": 6, "index": 1}, "model": "polls.option", "pk": 13}, {"fields": {"text": "1: Dejar\u00eda al azar la vida o la muerte (por ejemplo, cruzar sin mirar una calle)", "question": 6, "index": 2}, "model": "polls.option", "pk": 14}, {"fields": {"text": "2: Evitaria las medidas necesarias para salvar o mantener la vida (por ejemplo, un diab\u00e9tico que deja de tomar insulina)", "question": 6, "index": 3}, "model": "polls.option", "pk": 15}, {"fields": {"text": "0: Breve, per\u00edodos fugaces", "question": 7, "index": 1}, "model": "polls.option", "pk": 16}, {"fields": {"text": "1: Peri\u0301odos ma\u0301s largos", "question": 7, "index": 2}, "model": "polls.option", "pk": 17}, {"fields": {"text": "2: Continuo (cro\u0301nico) o casi continuo", "question": 7, "index": 3}, "model": "polls.option", "pk": 18}, {"fields": {"text": "0: Infrecuente, ocasional", "question": 8, "index": 1}, "model": "polls.option", "pk": 19}, {"fields": {"text": "1: Intermitente", "question": 8, "index": 2}, "model": "polls.option", "pk": 20}, {"fields": {"text": "2: Persistente o continua", "question": 8, "index": 3}, "model": "polls.option", "pk": 21}, {"fields": {"text": "0: Rechazo", "question": 9, "index": 1}, "model": "polls.option", "pk": 22}, {"fields": {"text": "1: Ambivalente; indiferente", "question": 9, "index": 2}, "model": "polls.option", "pk": 23}, {"fields": {"text": "2: Aceptaci\u00f3n", "question": 9, "index": 3}, "model": "polls.option", "pk": 24}, {"fields": {"text": "0: Tiene sensaci\u00f3n de control", "question": 10, "index": 1}, "model": "polls.option", "pk": 25}, {"fields": {"text": "1: Inseguro del control", "question": 10, "index": 2}, "model": "polls.option", "pk": 26}, {"fields": {"text": "2: No tiene sensaci\u00f3n de control", "question": 10, "index": 3}, "model": "polls.option", "pk": 27}, {"fields": {"text": "0: No intentar\u00eda suicidio a causa de una barrera", "question": 11, "index": 1}, "model": "polls.option", "pk": 28}, {"fields": {"text": "1: Alguna preocupaci\u00f3n sobre las barreras", "question": 11, "index": 2}, "model": "polls.option", "pk": 29}, {"fields": {"text": "2: M\u00ednima o nula preocupaci\u00f3n sobre las barreras", "question": 11, "index": 3}, "model": "polls.option", "pk": 30}, {"fields": {"text": "0: Manipular el entorno: Conseguir atenci\u00f3n, venganza", "question": 12, "index": 1}, "model": "polls.option", "pk": 31}, {"fields": {"text": "1: Combinaci\u00f3n de \u00ab1\u00bb y \u00ab2\u00bb", "question": 12, "index": 2}, "model": "polls.option", "pk": 32}, {"fields": {"text": "2: Escape, resolver problemas, desaparecer", "question": 12, "index": 3}, "model": "polls.option", "pk": 33}, {"fields": {"text": "0: No en cuesti\u00f3n", "question": 13, "index": 1}, "model": "polls.option", "pk": 34}, {"fields": {"text": "1: Considerado pero sin elaborar detalles", "question": 13, "index": 2}, "model": "polls.option", "pk": 35}, {"fields": {"text": "2: Detalles bien elaborados; bien formulado", "question": 13, "index": 3}, "model": "polls.option", "pk": 36}, {"fields": {"text": "0: M\u00e9todo no disponible; ninguna oportunidad", "question": 14, "index": 1}, "model": "polls.option", "pk": 37}, {"fields": {"text": "1: El m\u00e9todo llevar\u00eda tiempo/esfuerzo; oportunidad no f\u00e1cilmente disponible", "question": 14, "index": 2}, "model": "polls.option", "pk": 38}, {"fields": {"text": "2: Oportunidad futura o anticipada disponibilidad de m\u00e9todo", "question": 14, "index": 3}, "model": "polls.option", "pk": 39}, {"fields": {"text": "0: Cobarde, demasiado d\u00e9bil, asustado, incapaz", "question": 15, "index": 1}, "model": "polls.option", "pk": 40}, {"fields": {"text": "1: Inseguro de la valent\u00eda o de la capacidad", "question": 15, "index": 2}, "model": "polls.option", "pk": 41}, {"fields": {"text": "2: Seguro de la valent\u00eda o de la capacidad", "question": 15, "index": 3}, "model": "polls.option", "pk": 42}, {"fields": {"text": "0: No", "question": 16, "index": 1}, "model": "polls.option", "pk": 43}, {"fields": {"text": "1: Inciertas, no seguro", "question": 16, "index": 2}, "model": "polls.option", "pk": 44}, {"fields": {"text": "2: S\u00ed", "question": 16, "index": 3}, "model": "polls.option", "pk": 45}, {"fields": {"text": "0: Ninguno", "question": 21, "index": 1}, "model": "polls.option", "pk": 46}, {"fields": {"text": "1: Uno", "question": 21, "index": 2}, "model": "polls.option", "pk": 47}, {"fields": {"text": "2: M\u00e1s de uno", "question": 21, "index": 3}, "model": "polls.option", "pk": 48}, {"fields": {"text": "0: Baja", "question": 22, "index": 1}, "model": "polls.option", "pk": 49}, {"fields": {"text": " 1: Moderada; ambivalente; incierta", "question": 22, "index": 2}, "model": "polls.option", "pk": 50}, {"fields": {"text": "2: Alta", "question": 22, "index": 3}, "model": "polls.option", "pk": 51}, {"fields": {"text": "0: Ninguna", "question": 17, "index": 1}, "model": "polls.option", "pk": 52}, {"fields": {"text": "1: Parcial (por ejemplo, comenzar a acumular pastillas)", "question": 17, "index": 2}, "model": "polls.option", "pk": 53}, {"fields": {"text": "2: Completa (por ejemplo, tiene pastillas, cuchillas, un arma cargada)", "question": 17, "index": 3}, "model": "polls.option", "pk": 54}, {"fields": {"text": "0: Ninguna", "question": 18, "index": 1}, "model": "polls.option", "pk": 55}, {"fields": {"text": "1: Comenzada pero no acabada; s\u00f3lo se ha pensado en ella", "question": 18, "index": 2}, "model": "polls.option", "pk": 56}, {"fields": {"text": "2: Acabada", "question": 18, "index": 3}, "model": "polls.option", "pk": 57}, {"fields": {"text": "0: Ninguno", "question": 19, "index": 1}, "model": "polls.option", "pk": 58}, {"fields": {"text": "1: Algunas ideas o se han hecho algunas gestiones", "question": 19, "index": 2}, "model": "polls.option", "pk": 59}, {"fields": {"text": "2: Planes finales efectuados o gestiones finalizadas", "question": 19, "index": 3}, "model": "polls.option", "pk": 60}, {"fields": {"text": "0: Ideas expresadas abiertamente", "question": 20, "index": 1}, "model": "polls.option", "pk": 61}, {"fields": {"text": "1: Ideas reservadas", "question": 20, "index": 2}, "model": "polls.option", "pk": 62}, {"fields": {"text": "2: Intento de enga\u00f1ar, mentir, encubrir", "question": 20, "index": 3}, "model": "polls.option", "pk": 63}, {"fields": {"codename": "add_logentry", "name": "Can add log entry", "content_type": 1}, "model": "auth.permission", "pk": 1}, {"fields": {"codename": "change_logentry", "name": "Can change log entry", "content_type": 1}, "model": "auth.permission", "pk": 2}, {"fields": {"codename": "delete_logentry", "name": "Can delete log entry", "content_type": 1}, "model": "auth.permission", "pk": 3}, {"fields": {"codename": "add_permission", "name": "Can add permission", "content_type": 2}, "model": "auth.permission", "pk": 4}, {"fields": {"codename": "change_permission", "name": "Can change permission", "content_type": 2}, "model": "auth.permission", "pk": 5}, {"fields": {"codename": "delete_permission", "name": "Can delete permission", "content_type": 2}, "model": "auth.permission", "pk": 6}, {"fields": {"codename": "add_group", "name": "Can add group", "content_type": 3}, "model": "auth.permission", "pk": 7}, {"fields": {"codename": "change_group", "name": "Can change group", "content_type": 3}, "model": "auth.permission", "pk": 8}, {"fields": {"codename": "delete_group", "name": "Can delete group", "content_type": 3}, "model": "auth.permission", "pk": 9}, {"fields": {"codename": "add_user", "name": "Can add user", "content_type": 4}, "model": "auth.permission", "pk": 10}, {"fields": {"codename": "change_user", "name": "Can change user", "content_type": 4}, "model": "auth.permission", "pk": 11}, {"fields": {"codename": "delete_user", "name": "Can delete user", "content_type": 4}, "model": "auth.permission", "pk": 12}, {"fields": {"codename": "add_contenttype", "name": "Can add content type", "content_type": 5}, "model": "auth.permission", "pk": 13}, {"fields": {"codename": "change_contenttype", "name": "Can change content type", "content_type": 5}, "model": "auth.permission", "pk": 14}, {"fields": {"codename": "delete_contenttype", "name": "Can delete content type", "content_type": 5}, "model": "auth.permission", "pk": 15}, {"fields": {"codename": "add_session", "name": "Can add session", "content_type": 6}, "model": "auth.permission", "pk": 16}, {"fields": {"codename": "change_session", "name": "Can change session", "content_type": 6}, "model": "auth.permission", "pk": 17}, {"fields": {"codename": "delete_session", "name": "Can delete session", "content_type": 6}, "model": "auth.permission", "pk": 18}, {"fields": {"codename": "add_person", "name": "Can add person", "content_type": 7}, "model": "auth.permission", "pk": 19}, {"fields": {"codename": "change_person", "name": "Can change person", "content_type": 7}, "model": "auth.permission", "pk": 20}, {"fields": {"codename": "delete_person", "name": "Can delete person", "content_type": 7}, "model": "auth.permission", "pk": 21}, {"fields": {"codename": "add_poll", "name": "Can add Prueba", "content_type": 8}, "model": "auth.permission", "pk": 22}, {"fields": {"codename": "change_poll", "name": "Can change Prueba", "content_type": 8}, "model": "auth.permission", "pk": 23}, {"fields": {"codename": "delete_poll", "name": "Can delete Prueba", "content_type": 8}, "model": "auth.permission", "pk": 24}, {"fields": {"codename": "add_pollsection", "name": "Can add poll section", "content_type": 9}, "model": "auth.permission", "pk": 25}, {"fields": {"codename": "change_pollsection", "name": "Can change poll section", "content_type": 9}, "model": "auth.permission", "pk": 26}, {"fields": {"codename": "delete_pollsection", "name": "Can delete poll section", "content_type": 9}, "model": "auth.permission", "pk": 27}, {"fields": {"codename": "add_question", "name": "Can add Pregunta", "content_type": 10}, "model": "auth.permission", "pk": 28}, {"fields": {"codename": "change_question", "name": "Can change Pregunta", "content_type": 10}, "model": "auth.permission", "pk": 29}, {"fields": {"codename": "delete_question", "name": "Can delete Pregunta", "content_type": 10}, "model": "auth.permission", "pk": 30}, {"fields": {"codename": "add_option", "name": "Can add option", "content_type": 11}, "model": "auth.permission", "pk": 31}, {"fields": {"codename": "change_option", "name": "Can change option", "content_type": 11}, "model": "auth.permission", "pk": 32}, {"fields": {"codename": "delete_option", "name": "Can delete option", "content_type": 11}, "model": "auth.permission", "pk": 33}, {"fields": {"codename": "add_application", "name": "Can add application", "content_type": 12}, "model": "auth.permission", "pk": 34}, {"fields": {"codename": "change_application", "name": "Can change application", "content_type": 12}, "model": "auth.permission", "pk": 35}, {"fields": {"codename": "delete_application", "name": "Can delete application", "content_type": 12}, "model": "auth.permission", "pk": 36}, {"fields": {"codename": "add_answer", "name": "Can add answer", "content_type": 13}, "model": "auth.permission", "pk": 37}, {"fields": {"codename": "change_answer", "name": "Can change answer", "content_type": 13}, "model": "auth.permission", "pk": 38}, {"fields": {"codename": "delete_answer", "name": "Can delete answer", "content_type": 13}, "model": "auth.permission", "pk": 39}, {"fields": {"codename": "add_municipio", "name": "Can add municipio", "content_type": 14}, "model": "auth.permission", "pk": 40}, {"fields": {"codename": "change_municipio", "name": "Can change municipio", "content_type": 14}, "model": "auth.permission", "pk": 41}, {"fields": {"codename": "delete_municipio", "name": "Can delete municipio", "content_type": 14}, "model": "auth.permission", "pk": 42}, {"fields": {"codename": "add_carreer", "name": "Can add carreer", "content_type": 15}, "model": "auth.permission", "pk": 43}, {"fields": {"codename": "change_carreer", "name": "Can change carreer", "content_type": 15}, "model": "auth.permission", "pk": 44}, {"fields": {"codename": "delete_carreer", "name": "Can delete carreer", "content_type": 15}, "model": "auth.permission", "pk": 45}, {"fields": {"username": "admin", "first_name": "", "last_name": "", "is_active": true, "is_superuser": true, "is_staff": true, "last_login": "2014-10-31T03:48:53.278Z", "groups": [], "user_permissions": [], "password": "pbkdf2_sha256$12000$LBNe9Y0fTkVb$CRU6NOpg6M9tFaeUR2kaQ4lrvV2oe1ANjlvS4r48bWY=", "email": "ad@h.co", "date_joined": "2014-10-31T02:32:33.742Z"}, "model": "auth.user", "pk": 1}, {"fields": {"action_flag": 1, "action_time": "2014-10-31T02:33:31.639Z", "object_repr": "Prueba 1", "object_id": "1", "change_message": "", "user": 1, "content_type": 8}, "model": "admin.logentry", "pk": 1}, {"fields": {"action_flag": 1, "action_time": "2014-10-31T02:33:48.534Z", "object_repr": "I: Gusto", "object_id": "1", "change_message": "", "user": 1, "content_type": 9}, "model": "admin.logentry", "pk": 2}, {"fields": {"action_flag": 1, "action_time": "2014-10-31T02:34:14.538Z", "object_repr": "Como se siente con la prueba", "object_id": "1", "change_message": "", "user": 1, "content_type": 10}, "model": "admin.logentry", "pk": 3}, {"fields": {"action_flag": 1, "action_time": "2014-10-31T02:34:30.435Z", "object_repr": "Me gusta", "object_id": "1", "change_message": "", "user": 1, "content_type": 11}, "model": "admin.logentry", "pk": 4}, {"fields": {"action_flag": 1, "action_time": "2014-10-31T02:34:41.164Z", "object_repr": "La odio", "object_id": "2", "change_message": "", "user": 1, "content_type": 11}, "model": "admin.logentry", "pk": 5}, {"fields": {"action_flag": 2, "action_time": "2014-10-31T03:04:28.851Z", "object_repr": "Escala de Ideaci\u00f3n Suicida", "object_id": "1", "change_message": "Changed title, description and instructions.", "user": 1, "content_type": 8}, "model": "admin.logentry", "pk": 6}, {"fields": {"action_flag": 2, "action_time": "2014-10-31T03:05:44.287Z", "object_repr": "I. CARACTER\u00cdSTICAS DE ACTITUDES HACIA VIVIR/MORIR", "object_id": "1", "change_message": "Changed text.", "user": 1, "content_type": 9}, "model": "admin.logentry", "pk": 7}, {"fields": {"action_flag": 1, "action_time": "2014-10-31T03:11:17.343Z", "object_repr": "II. CARACTER\u00cdSTICAS DEL XXXXXXXXXXXXXXXXXX DE SUICIDIO", "object_id": "2", "change_message": "", "user": 1, "content_type": 9}, "model": "admin.logentry", "pk": 8}, {"fields": {"action_flag": 1, "action_time": "2014-10-31T03:12:11.487Z", "object_repr": "III. CARACTER\u00cdSTICAS DEL INTENTO EN CUESTI\u00d3N", "object_id": "3", "change_message": "", "user": 1, "content_type": 9}, "model": "admin.logentry", "pk": 9}, {"fields": {"action_flag": 2, "action_time": "2014-10-31T03:12:34.980Z", "object_repr": "II. CARACTER\u00cdSTICAS DEL DESEO/IDEACION DE SUICIDIO", "object_id": "2", "change_message": "Changed text.", "user": 1, "content_type": 9}, "model": "admin.logentry", "pk": 10}, {"fields": {"action_flag": 2, "action_time": "2014-10-31T03:12:53.520Z", "object_repr": "II. CARACTER\u00cdSTICAS DEL DESEO/IDEACION DE SUICIDIO", "object_id": "2", "change_message": "No fields changed.", "user": 1, "content_type": 9}, "model": "admin.logentry", "pk": 11}, {"fields": {"action_flag": 1, "action_time": "2014-10-31T03:13:43.321Z", "object_repr": "IV. ACTUALIZACI\u00d3N DEL INTENTO EN CUESTI\u00d3N", "object_id": "4", "change_message": "", "user": 1, "content_type": 9}, "model": "admin.logentry", "pk": 12}, {"fields": {"action_flag": 1, "action_time": "2014-10-31T03:13:58.302Z", "object_repr": "V.", "object_id": "5", "change_message": "", "user": 1, "content_type": 9}, "model": "admin.logentry", "pk": 13}, {"fields": {"action_flag": 2, "action_time": "2014-10-31T03:14:39.629Z", "object_repr": "V. FACTORES PREVIOS (no incluibles en la puntuaci\u00f3n total)", "object_id": "5", "change_message": "Changed text.", "user": 1, "content_type": 9}, "model": "admin.logentry", "pk": 14}, {"fields": {"action_flag": 3, "action_time": "2014-10-31T03:15:58.968Z", "object_repr": "Como se siente con la prueba", "object_id": "1", "change_message": "", "user": 1, "content_type": 10}, "model": "admin.logentry", "pk": 15}, {"fields": {"action_flag": 1, "action_time": "2014-10-31T03:17:18.510Z", "object_repr": "Deseo de vivir", "object_id": "2", "change_message": "", "user": 1, "content_type": 10}, "model": "admin.logentry", "pk": 16}, {"fields": {"action_flag": 1, "action_time": "2014-10-31T03:17:50.613Z", "object_repr": "Deseo de morir", "object_id": "3", "change_message": "", "user": 1, "content_type": 10}, "model": "admin.logentry", "pk": 17}, {"fields": {"action_flag": 1, "action_time": "2014-10-31T03:18:35.826Z", "object_repr": "Razones para vivir/morir", "object_id": "4", "change_message": "", "user": 1, "content_type": 10}, "model": "admin.logentry", "pk": 18}, {"fields": {"action_flag": 1, "action_time": "2014-10-31T03:19:30.405Z", "object_repr": "Deseo de efectuar un intento activo de suicidio", "object_id": "5", "change_message": "", "user": 1, "content_type": 10}, "model": "admin.logentry", "pk": 19}, {"fields": {"action_flag": 1, "action_time": "2014-10-31T03:20:07.228Z", "object_repr": "Intento pasivo de suicidio", "object_id": "6", "change_message": "", "user": 1, "content_type": 10}, "model": "admin.logentry", "pk": 20}, {"fields": {"action_flag": 1, "action_time": "2014-10-31T03:24:23.797Z", "object_repr": "0: Moderado a fuerte", "object_id": "3", "change_message": "", "user": 1, "content_type": 11}, "model": "admin.logentry", "pk": 21}, {"fields": {"action_flag": 1, "action_time": "2014-10-31T03:24:47.936Z", "object_repr": "1: D\u00e9bil", "object_id": "4", "change_message": "", "user": 1, "content_type": 11}, "model": "admin.logentry", "pk": 22}, {"fields": {"action_flag": 1, "action_time": "2014-10-31T03:25:14.733Z", "object_repr": "2: Ninguno", "object_id": "5", "change_message": "", "user": 1, "content_type": 11}, "model": "admin.logentry", "pk": 23}, {"fields": {"action_flag": 2, "action_time": "2014-10-31T03:32:23.651Z", "object_repr": "I. CARACTER\u00cdSTICAS DE ACTITUDES HACIA VIVIR/MORIR", "object_id": "1", "change_message": "Changed index.", "user": 1, "content_type": 9}, "model": "admin.logentry", "pk": 24}, {"fields": {"action_flag": 2, "action_time": "2014-10-31T03:32:29.699Z", "object_repr": "I. CARACTER\u00cdSTICAS DE ACTITUDES HACIA VIVIR/MORIR", "object_id": "1", "change_message": "Changed index.", "user": 1, "content_type": 9}, "model": "admin.logentry", "pk": 25}, {"fields": {"action_flag": 1, "action_time": "2014-10-31T03:44:52.115Z", "object_repr": "Pregunta 2 >> 0: Ninguno", "object_id": "6", "change_message": "", "user": 1, "content_type": 11}, "model": "admin.logentry", "pk": 26}, {"fields": {"action_flag": 1, "action_time": "2014-10-31T03:49:25.899Z", "object_repr": "Pregunta 1 >> 0: Moderado a fuerte", "object_id": "1", "change_message": "", "user": 1, "content_type": 11}, "model": "admin.logentry", "pk": 27}, {"fields": {"action_flag": 1, "action_time": "2014-10-31T03:49:42.152Z", "object_repr": "Pregunta 1 >> 1: D\u00e9bil", "object_id": "2", "change_message": "", "user": 1, "content_type": 11}, "model": "admin.logentry", "pk": 28}, {"fields": {"action_flag": 1, "action_time": "2014-10-31T03:50:02.101Z", "object_repr": "Pregunta 1 >> 2: Ninguno", "object_id": "3", "change_message": "", "user": 1, "content_type": 11}, "model": "admin.logentry", "pk": 29}, {"fields": {"action_flag": 1, "action_time": "2014-10-31T03:50:18.496Z", "object_repr": "Pregunta 2 >> 0: Ninguno", "object_id": "4", "change_message": "", "user": 1, "content_type": 11}, "model": "admin.logentry", "pk": 30}, {"fields": {"action_flag": 1, "action_time": "2014-10-31T03:50:34.461Z", "object_repr": "Pregunta 2 >> 1: D\u00e9bil", "object_id": "5", "change_message": "", "user": 1, "content_type": 11}, "model": "admin.logentry", "pk": 31}, {"fields": {"action_flag": 1, "action_time": "2014-10-31T03:50:58.190Z", "object_repr": "Pregunta 2 >> 2: Moderado a fuerte", "object_id": "6", "change_message": "", "user": 1, "content_type": 11}, "model": "admin.logentry", "pk": 32}, {"fields": {"action_flag": 1, "action_time": "2014-10-31T03:54:20.047Z", "object_repr": "Pregunta 3 >> 0: Las de vivir superan a las de morir", "object_id": "7", "change_message": "", "user": 1, "content_type": 11}, "model": "admin.logentry", "pk": 33}, {"fields": {"action_flag": 1, "action_time": "2014-10-31T03:54:39.636Z", "object_repr": "Pregunta 3 >> 1: Mas o menos igual", "object_id": "8", "change_message": "", "user": 1, "content_type": 11}, "model": "admin.logentry", "pk": 34}, {"fields": {"action_flag": 1, "action_time": "2014-10-31T03:55:15.833Z", "object_repr": "Pregunta 3 >> 2: Las de morir superan a las de vivir", "object_id": "9", "change_message": "", "user": 1, "content_type": 11}, "model": "admin.logentry", "pk": 35}, {"fields": {"action_flag": 1, "action_time": "2014-10-31T03:56:16.703Z", "object_repr": "Pregunta 4 >> 0: Ninguno", "object_id": "10", "change_message": "", "user": 1, "content_type": 11}, "model": "admin.logentry", "pk": 36}, {"fields": {"action_flag": 1, "action_time": "2014-10-31T03:56:41.300Z", "object_repr": "Pregunta 4 >> 1: D\u00e9bil", "object_id": "11", "change_message": "", "user": 1, "content_type": 11}, "model": "admin.logentry", "pk": 37}, {"fields": {"action_flag": 1, "action_time": "2014-10-31T03:57:09.082Z", "object_repr": "Pregunta 4 >> 2: Moderado a fuerte", "object_id": "12", "change_message": "", "user": 1, "content_type": 11}, "model": "admin.logentry", "pk": 38}, {"fields": {"action_flag": 1, "action_time": "2014-10-31T03:57:55.522Z", "object_repr": "Pregunta 5 >> 0: Tomar\u00eda precauciones para salvar la vida", "object_id": "13", "change_message": "", "user": 1, "content_type": 11}, "model": "admin.logentry", "pk": 39}, {"fields": {"action_flag": 1, "action_time": "2014-10-31T03:58:54.530Z", "object_repr": "Pregunta 5 >> 1: Dejar\u00eda al azar la vida o la muerte (por ejemplo, cruzar sin mirar una calle)", "object_id": "14", "change_message": "", "user": 1, "content_type": 11}, "model": "admin.logentry", "pk": 40}, {"fields": {"action_flag": 1, "action_time": "2014-10-31T04:00:51.693Z", "object_repr": "Pregunta 5 >> 2: Evitaria las medidas necesarias para salvar o mantener la vida (por ejemplo, un diab\u00e9tico que deja de tomar insulina)", "object_id": "15", "change_message": "", "user": 1, "content_type": 11}, "model": "admin.logentry", "pk": 41}, {"fields": {"action_flag": 1, "action_time": "2014-10-31T06:14:16.205Z", "object_repr": "Application object", "object_id": "1", "change_message": "", "user": 1, "content_type": 12}, "model": "admin.logentry", "pk": 42}, {"fields": {"action_flag": 1, "action_time": "2014-10-31T06:14:47.867Z", "object_repr": "Answer object", "object_id": "1", "change_message": "", "user": 1, "content_type": 13}, "model": "admin.logentry", "pk": 43}, {"fields": {"action_flag": 1, "action_time": "2014-10-31T06:15:06.614Z", "object_repr": "Answer object", "object_id": "2", "change_message": "", "user": 1, "content_type": 13}, "model": "admin.logentry", "pk": 44}, {"fields": {"action_flag": 1, "action_time": "2014-10-31T06:15:25.666Z", "object_repr": "Answer object", "object_id": "3", "change_message": "", "user": 1, "content_type": 13}, "model": "admin.logentry", "pk": 45}, {"fields": {"action_flag": 3, "action_time": "2014-10-31T06:49:25.018Z", "object_repr": "Person object", "object_id": "18", "change_message": "", "user": 1, "content_type": 7}, "model": "admin.logentry", "pk": 46}, {"fields": {"action_flag": 3, "action_time": "2014-10-31T06:49:25.021Z", "object_repr": "Person object", "object_id": "17", "change_message": "", "user": 1, "content_type": 7}, "model": "admin.logentry", "pk": 47}, {"fields": {"action_flag": 3, "action_time": "2014-10-31T06:49:25.025Z", "object_repr": "Person object", "object_id": "16", "change_message": "", "user": 1, "content_type": 7}, "model": "admin.logentry", "pk": 48}, {"fields": {"action_flag": 3, "action_time": "2014-10-31T06:49:25.028Z", "object_repr": "Person object", "object_id": "15", "change_message": "", "user": 1, "content_type": 7}, "model": "admin.logentry", "pk": 49}, {"fields": {"action_flag": 3, "action_time": "2014-10-31T06:49:25.033Z", "object_repr": "Person object", "object_id": "14", "change_message": "", "user": 1, "content_type": 7}, "model": "admin.logentry", "pk": 50}, {"fields": {"action_flag": 3, "action_time": "2014-10-31T06:49:25.036Z", "object_repr": "Person object", "object_id": "13", "change_message": "", "user": 1, "content_type": 7}, "model": "admin.logentry", "pk": 51}, {"fields": {"action_flag": 3, "action_time": "2014-10-31T06:49:25.041Z", "object_repr": "Person object", "object_id": "12", "change_message": "", "user": 1, "content_type": 7}, "model": "admin.logentry", "pk": 52}, {"fields": {"action_flag": 3, "action_time": "2014-10-31T06:49:25.044Z", "object_repr": "Person object", "object_id": "11", "change_message": "", "user": 1, "content_type": 7}, "model": "admin.logentry", "pk": 53}, {"fields": {"action_flag": 3, "action_time": "2014-10-31T06:49:25.046Z", "object_repr": "Person object", "object_id": "10", "change_message": "", "user": 1, "content_type": 7}, "model": "admin.logentry", "pk": 54}, {"fields": {"action_flag": 3, "action_time": "2014-10-31T06:49:25.049Z", "object_repr": "Person object", "object_id": "9", "change_message": "", "user": 1, "content_type": 7}, "model": "admin.logentry", "pk": 55}, {"fields": {"action_flag": 3, "action_time": "2014-10-31T06:49:25.052Z", "object_repr": "Person object", "object_id": "8", "change_message": "", "user": 1, "content_type": 7}, "model": "admin.logentry", "pk": 56}, {"fields": {"action_flag": 3, "action_time": "2014-10-31T06:49:25.058Z", "object_repr": "Person object", "object_id": "7", "change_message": "", "user": 1, "content_type": 7}, "model": "admin.logentry", "pk": 57}, {"fields": {"action_flag": 3, "action_time": "2014-10-31T06:49:25.061Z", "object_repr": "Person object", "object_id": "6", "change_message": "", "user": 1, "content_type": 7}, "model": "admin.logentry", "pk": 58}, {"fields": {"action_flag": 3, "action_time": "2014-10-31T06:49:25.064Z", "object_repr": "Person object", "object_id": "5", "change_message": "", "user": 1, "content_type": 7}, "model": "admin.logentry", "pk": 59}, {"fields": {"action_flag": 3, "action_time": "2014-10-31T06:49:25.067Z", "object_repr": "Person object", "object_id": "4", "change_message": "", "user": 1, "content_type": 7}, "model": "admin.logentry", "pk": 60}, {"fields": {"action_flag": 3, "action_time": "2014-10-31T06:49:25.070Z", "object_repr": "Person object", "object_id": "3", "change_message": "", "user": 1, "content_type": 7}, "model": "admin.logentry", "pk": 61}, {"fields": {"action_flag": 3, "action_time": "2014-10-31T06:49:25.073Z", "object_repr": "Person object", "object_id": "2", "change_message": "", "user": 1, "content_type": 7}, "model": "admin.logentry", "pk": 62}, {"fields": {"action_flag": 3, "action_time": "2014-10-31T06:49:25.075Z", "object_repr": "Person object", "object_id": "1", "change_message": "", "user": 1, "content_type": 7}, "model": "admin.logentry", "pk": 63}, {"fields": {"action_flag": 3, "action_time": "2014-10-31T07:10:02.948Z", "object_repr": "Person object", "object_id": "19", "change_message": "", "user": 1, "content_type": 7}, "model": "admin.logentry", "pk": 64}, {"fields": {"action_flag": 2, "action_time": "2014-10-31T07:26:37.309Z", "object_repr": "Escala de Ideaci\u00f3n Suicida", "object_id": "1", "change_message": "Modificado/a description.", "user": 1, "content_type": 8}, "model": "admin.logentry", "pk": 65}, {"fields": {"action_flag": 1, "action_time": "2014-11-02T00:33:28.817Z", "object_repr": "6. Dimensi\u00f3n temporal: Duraci\u00f3n", "object_id": "7", "change_message": "", "user": 1, "content_type": 10}, "model": "admin.logentry", "pk": 66}, {"fields": {"action_flag": 1, "action_time": "2014-11-02T00:34:35.887Z", "object_repr": "7. Dimensi\u00f3n temporal: frecuencia", "object_id": "8", "change_message": "", "user": 1, "content_type": 10}, "model": "admin.logentry", "pk": 67}, {"fields": {"action_flag": 1, "action_time": "2014-11-02T00:35:09.257Z", "object_repr": "8. Actitud hacia la ideaci\u00f3n/deseo", "object_id": "9", "change_message": "", "user": 1, "content_type": 10}, "model": "admin.logentry", "pk": 68}, {"fields": {"action_flag": 1, "action_time": "2014-11-02T00:35:47.403Z", "object_repr": "9. Control sobre el deseo de actuaci\u00f3n o acto suicida", "object_id": "10", "change_message": "", "user": 1, "content_type": 10}, "model": "admin.logentry", "pk": 69}, {"fields": {"action_flag": 1, "action_time": "2014-11-02T00:38:24.291Z", "object_repr": "10. Barreras para el intento activo (por ejemplo: la familia, religi\u00f3n, posibilidad de lesi\u00f3n grave si se fracasa; irreversibilidad del intento)", "object_id": "11", "change_message": "", "user": 1, "content_type": 10}, "model": "admin.logentry", "pk": 70}, {"fields": {"action_flag": 1, "action_time": "2014-11-02T00:39:47.925Z", "object_repr": "11. Raz\u00f3n del intento en cuesti\u00f3n", "object_id": "12", "change_message": "", "user": 1, "content_type": 10}, "model": "admin.logentry", "pk": 71}, {"fields": {"action_flag": 1, "action_time": "2014-11-02T00:44:34.657Z", "object_repr": "12. M\u00e9todo: Especificidad/planeaci\u00f3n", "object_id": "13", "change_message": "", "user": 1, "content_type": 10}, "model": "admin.logentry", "pk": 72}, {"fields": {"action_flag": 1, "action_time": "2014-11-02T00:45:10.474Z", "object_repr": "13. M\u00e9todo: Disponibilidad/oportunidad", "object_id": "14", "change_message": "", "user": 1, "content_type": 10}, "model": "admin.logentry", "pk": 73}, {"fields": {"action_flag": 1, "action_time": "2014-11-02T00:46:03.890Z", "object_repr": "14. Sensaci\u00f3n de \"capacidad\" para llevar a cabo un intento", "object_id": "15", "change_message": "", "user": 1, "content_type": 10}, "model": "admin.logentry", "pk": 74}, {"fields": {"action_flag": 1, "action_time": "2014-11-02T00:46:39.100Z", "object_repr": "15. Expectativas/anticipaci\u00f3n del intento real", "object_id": "16", "change_message": "", "user": 1, "content_type": 10}, "model": "admin.logentry", "pk": 75}, {"fields": {"action_flag": 1, "action_time": "2014-11-02T00:49:32.476Z", "object_repr": "16. Preparaci\u00f3n real", "object_id": "17", "change_message": "", "user": 1, "content_type": 10}, "model": "admin.logentry", "pk": 76}, {"fields": {"action_flag": 1, "action_time": "2014-11-02T00:49:54.049Z", "object_repr": "17. Nota de suicidio", "object_id": "18", "change_message": "", "user": 1, "content_type": 10}, "model": "admin.logentry", "pk": 77}, {"fields": {"action_flag": 1, "action_time": "2014-11-02T00:50:57.066Z", "object_repr": "18. Actos finales de anticipaci\u00f3n de la muerte (por ejemplo: seguros, testamento, donaciones)", "object_id": "19", "change_message": "", "user": 1, "content_type": 10}, "model": "admin.logentry", "pk": 78}, {"fields": {"action_flag": 1, "action_time": "2014-11-02T00:51:38.469Z", "object_repr": "19. Enga\u00f1o/encubrimiento del enga\u00f1o", "object_id": "20", "change_message": "", "user": 1, "content_type": 10}, "model": "admin.logentry", "pk": 79}, {"fields": {"action_flag": 1, "action_time": "2014-11-02T00:52:35.395Z", "object_repr": "20. Intentos previos de suicidio", "object_id": "21", "change_message": "", "user": 1, "content_type": 10}, "model": "admin.logentry", "pk": 80}, {"fields": {"action_flag": 1, "action_time": "2014-11-02T00:53:30.322Z", "object_repr": "21. Intenci\u00f3n de morir asociada con el \u00faltimo intento", "object_id": "22", "change_message": "", "user": 1, "content_type": 10}, "model": "admin.logentry", "pk": 81}, {"fields": {"action_flag": 1, "action_time": "2014-11-02T01:01:45.395Z", "object_repr": "Pregunta 6 > 0: Breve, per\u00edodos fugaces", "object_id": "16", "change_message": "", "user": 1, "content_type": 11}, "model": "admin.logentry", "pk": 82}, {"fields": {"action_flag": 1, "action_time": "2014-11-02T01:02:25.806Z", "object_repr": "Pregunta 6 > 1: Peri\u0301odos ma\u0301s largos", "object_id": "17", "change_message": "", "user": 1, "content_type": 11}, "model": "admin.logentry", "pk": 83}, {"fields": {"action_flag": 1, "action_time": "2014-11-02T01:02:51.061Z", "object_repr": "Pregunta 6 > 2: Continuo (cro\u0301nico) o casi continuo", "object_id": "18", "change_message": "", "user": 1, "content_type": 11}, "model": "admin.logentry", "pk": 84}, {"fields": {"action_flag": 1, "action_time": "2014-11-02T01:03:22.482Z", "object_repr": "Pregunta 7 > 0: Infrecuente, ocasional", "object_id": "19", "change_message": "", "user": 1, "content_type": 11}, "model": "admin.logentry", "pk": 85}, {"fields": {"action_flag": 1, "action_time": "2014-11-02T01:03:43.359Z", "object_repr": "Pregunta 7 > 1: Intermitente", "object_id": "20", "change_message": "", "user": 1, "content_type": 11}, "model": "admin.logentry", "pk": 86}, {"fields": {"action_flag": 1, "action_time": "2014-11-02T01:04:07.469Z", "object_repr": "Pregunta 7 > 2: Persistente o continua", "object_id": "21", "change_message": "", "user": 1, "content_type": 11}, "model": "admin.logentry", "pk": 87}, {"fields": {"action_flag": 1, "action_time": "2014-11-02T01:04:36.092Z", "object_repr": "Pregunta 8 > 0: Rechazo", "object_id": "22", "change_message": "", "user": 1, "content_type": 11}, "model": "admin.logentry", "pk": 88}, {"fields": {"action_flag": 1, "action_time": "2014-11-02T01:04:55.270Z", "object_repr": "Pregunta 8 > 1: Ambivalente; indiferente", "object_id": "23", "change_message": "", "user": 1, "content_type": 11}, "model": "admin.logentry", "pk": 89}, {"fields": {"action_flag": 1, "action_time": "2014-11-02T01:05:12.136Z", "object_repr": "Pregunta 8 > 2: Aceptaci\u00f3n", "object_id": "24", "change_message": "", "user": 1, "content_type": 11}, "model": "admin.logentry", "pk": 90}, {"fields": {"action_flag": 1, "action_time": "2014-11-02T01:05:38.068Z", "object_repr": "Pregunta 9 > 0: Tiene sensaci\u00f3n de control", "object_id": "25", "change_message": "", "user": 1, "content_type": 11}, "model": "admin.logentry", "pk": 91}, {"fields": {"action_flag": 1, "action_time": "2014-11-02T01:06:00.907Z", "object_repr": "Pregunta 9 > 1: Inseguro del control", "object_id": "26", "change_message": "", "user": 1, "content_type": 11}, "model": "admin.logentry", "pk": 92}, {"fields": {"action_flag": 1, "action_time": "2014-11-02T01:06:19.214Z", "object_repr": "Pregunta 9 > 2: No tiene sensaci\u00f3n de control", "object_id": "27", "change_message": "", "user": 1, "content_type": 11}, "model": "admin.logentry", "pk": 93}, {"fields": {"action_flag": 1, "action_time": "2014-11-02T01:07:08.200Z", "object_repr": "Pregunta 10 > 0: No intentar\u00eda suicidio a causa de una barrera", "object_id": "28", "change_message": "", "user": 1, "content_type": 11}, "model": "admin.logentry", "pk": 94}, {"fields": {"action_flag": 1, "action_time": "2014-11-02T01:07:25.835Z", "object_repr": "Pregunta 10 > 1: Alguna preocupaci\u00f3n sobre las barreras", "object_id": "29", "change_message": "", "user": 1, "content_type": 11}, "model": "admin.logentry", "pk": 95}, {"fields": {"action_flag": 1, "action_time": "2014-11-02T01:07:50.308Z", "object_repr": "Pregunta 10 > 2: M\u00ednima o nula preocupaci\u00f3n sobre las barreras", "object_id": "30", "change_message": "", "user": 1, "content_type": 11}, "model": "admin.logentry", "pk": 96}, {"fields": {"action_flag": 1, "action_time": "2014-11-02T01:08:42.849Z", "object_repr": "Pregunta 11 > 0: Manipular el entorno: Conseguir atenci\u00f3n, venganza", "object_id": "31", "change_message": "", "user": 1, "content_type": 11}, "model": "admin.logentry", "pk": 97}, {"fields": {"action_flag": 1, "action_time": "2014-11-02T01:09:48.068Z", "object_repr": "Pregunta 11 > 1: Combinaci\u00f3n de \u00ab1\u00bb y \u00ab2\u00bb", "object_id": "32", "change_message": "", "user": 1, "content_type": 11}, "model": "admin.logentry", "pk": 98}, {"fields": {"action_flag": 1, "action_time": "2014-11-02T01:10:00.273Z", "object_repr": "Pregunta 11 > 2: Escape, resolver problemas, desaparecer", "object_id": "33", "change_message": "", "user": 1, "content_type": 11}, "model": "admin.logentry", "pk": 99}, {"fields": {"action_flag": 2, "action_time": "2014-11-02T01:11:01.642Z", "object_repr": "14. Sensaci\u00f3n de \u00abcapacidad\u00bb para llevar a cabo un intento", "object_id": "15", "change_message": "Modificado/a text.", "user": 1, "content_type": 10}, "model": "admin.logentry", "pk": 100}, {"fields": {"action_flag": 1, "action_time": "2014-11-02T01:12:02.114Z", "object_repr": "Pregunta 12 > 0: No en cuesti\u00f3n", "object_id": "34", "change_message": "", "user": 1, "content_type": 11}, "model": "admin.logentry", "pk": 101}, {"fields": {"action_flag": 1, "action_time": "2014-11-02T01:12:27.009Z", "object_repr": "Pregunta 12 > 1: Considerado pero sin elaborar detalles", "object_id": "35", "change_message": "", "user": 1, "content_type": 11}, "model": "admin.logentry", "pk": 102}, {"fields": {"action_flag": 1, "action_time": "2014-11-02T01:12:50.681Z", "object_repr": "Pregunta 12 > 2: Detalles bien elaborados; bien formulado", "object_id": "36", "change_message": "", "user": 1, "content_type": 11}, "model": "admin.logentry", "pk": 103}, {"fields": {"action_flag": 1, "action_time": "2014-11-02T01:13:48.088Z", "object_repr": "Pregunta 13 > 0: M\u00e9todo no disponible; ninguna oportunidad", "object_id": "37", "change_message": "", "user": 1, "content_type": 11}, "model": "admin.logentry", "pk": 104}, {"fields": {"action_flag": 1, "action_time": "2014-11-02T01:14:08.659Z", "object_repr": "Pregunta 13 > 1: El m\u00e9todo llevar\u00eda tiempo/esfuerzo; oportunidad no f\u00e1cilmente disponible", "object_id": "38", "change_message": "", "user": 1, "content_type": 11}, "model": "admin.logentry", "pk": 105}, {"fields": {"action_flag": 1, "action_time": "2014-11-02T01:14:26.963Z", "object_repr": "Pregunta 13 > 2: Oportunidad futura o anticipada disponibilidad de m\u00e9todo", "object_id": "39", "change_message": "", "user": 1, "content_type": 11}, "model": "admin.logentry", "pk": 106}, {"fields": {"action_flag": 1, "action_time": "2014-11-02T01:15:05.832Z", "object_repr": "Pregunta 14 > 0: Cobarde, demasiado d\u00e9bil, asustado, incapaz", "object_id": "40", "change_message": "", "user": 1, "content_type": 11}, "model": "admin.logentry", "pk": 107}, {"fields": {"action_flag": 1, "action_time": "2014-11-02T01:15:23.225Z", "object_repr": "Pregunta 14 > 1: Inseguro de la valent\u00eda o de la capacidad", "object_id": "41", "change_message": "", "user": 1, "content_type": 11}, "model": "admin.logentry", "pk": 108}, {"fields": {"action_flag": 1, "action_time": "2014-11-02T01:15:56.797Z", "object_repr": "Pregunta 14 > 2: Seguro de la valent\u00eda o de la capacidad", "object_id": "42", "change_message": "", "user": 1, "content_type": 11}, "model": "admin.logentry", "pk": 109}, {"fields": {"action_flag": 1, "action_time": "2014-11-02T01:16:39.593Z", "object_repr": "Pregunta 15 > 0: No", "object_id": "43", "change_message": "", "user": 1, "content_type": 11}, "model": "admin.logentry", "pk": 110}, {"fields": {"action_flag": 1, "action_time": "2014-11-02T01:16:53.740Z", "object_repr": "Pregunta 15 > 1: Inciertas, no seguro", "object_id": "44", "change_message": "", "user": 1, "content_type": 11}, "model": "admin.logentry", "pk": 111}, {"fields": {"action_flag": 1, "action_time": "2014-11-02T01:17:13.203Z", "object_repr": "Pregunta 15 > 2: S\u00ed", "object_id": "45", "change_message": "", "user": 1, "content_type": 11}, "model": "admin.logentry", "pk": 112}, {"fields": {"action_flag": 1, "action_time": "2014-11-02T01:18:19.315Z", "object_repr": "Pregunta 20 > 0: Ninguno", "object_id": "46", "change_message": "", "user": 1, "content_type": 11}, "model": "admin.logentry", "pk": 113}, {"fields": {"action_flag": 1, "action_time": "2014-11-02T01:18:35.208Z", "object_repr": "Pregunta 20 > 1: Uno", "object_id": "47", "change_message": "", "user": 1, "content_type": 11}, "model": "admin.logentry", "pk": 114}, {"fields": {"action_flag": 1, "action_time": "2014-11-02T01:18:51.433Z", "object_repr": "Pregunta 20 > 2: M\u00e1s de uno", "object_id": "48", "change_message": "", "user": 1, "content_type": 11}, "model": "admin.logentry", "pk": 115}, {"fields": {"action_flag": 1, "action_time": "2014-11-02T01:19:52.306Z", "object_repr": "Pregunta 21 > 0: Baja", "object_id": "49", "change_message": "", "user": 1, "content_type": 11}, "model": "admin.logentry", "pk": 116}, {"fields": {"action_flag": 1, "action_time": "2014-11-02T01:20:17.849Z", "object_repr": "Pregunta 21 >  1: Moderada; ambivalente; incierta", "object_id": "50", "change_message": "", "user": 1, "content_type": 11}, "model": "admin.logentry", "pk": 117}, {"fields": {"action_flag": 1, "action_time": "2014-11-02T01:20:28.618Z", "object_repr": "Pregunta 21 > 2: Alta", "object_id": "51", "change_message": "", "user": 1, "content_type": 11}, "model": "admin.logentry", "pk": 118}, {"fields": {"action_flag": 1, "action_time": "2014-11-04T20:19:19.250Z", "object_repr": "Pregunta 16 > 0: Ninguna", "object_id": "52", "change_message": "", "user": 1, "content_type": 11}, "model": "admin.logentry", "pk": 119}, {"fields": {"action_flag": 1, "action_time": "2014-11-04T20:20:23.382Z", "object_repr": "Pregunta 16 > 1: Parcial (por ejemplo, comenzar a acumular pastillas)", "object_id": "53", "change_message": "", "user": 1, "content_type": 11}, "model": "admin.logentry", "pk": 120}, {"fields": {"action_flag": 1, "action_time": "2014-11-04T20:20:41.816Z", "object_repr": "Pregunta 16 > 2: Completa (por ejemplo, tiene pastillas, cuchillas, un arma cargada)", "object_id": "54", "change_message": "", "user": 1, "content_type": 11}, "model": "admin.logentry", "pk": 121}, {"fields": {"action_flag": 1, "action_time": "2014-11-04T20:21:17.804Z", "object_repr": "Pregunta 17 > 0: Ninguna", "object_id": "55", "change_message": "", "user": 1, "content_type": 11}, "model": "admin.logentry", "pk": 122}, {"fields": {"action_flag": 1, "action_time": "2014-11-04T20:21:34.581Z", "object_repr": "Pregunta 17 > 1: Comenzada pero no acabada; s\u00f3lo se ha pensado en ella", "object_id": "56", "change_message": "", "user": 1, "content_type": 11}, "model": "admin.logentry", "pk": 123}, {"fields": {"action_flag": 1, "action_time": "2014-11-04T20:21:52.151Z", "object_repr": "Pregunta 17 > 2: Acabada", "object_id": "57", "change_message": "", "user": 1, "content_type": 11}, "model": "admin.logentry", "pk": 124}, {"fields": {"action_flag": 1, "action_time": "2014-11-04T20:22:32.216Z", "object_repr": "Pregunta 18 > 0: Ninguno", "object_id": "58", "change_message": "", "user": 1, "content_type": 11}, "model": "admin.logentry", "pk": 125}, {"fields": {"action_flag": 1, "action_time": "2014-11-04T20:23:02.488Z", "object_repr": "Pregunta 18 > 1: Algunas ideas o se han hecho algunas gestiones", "object_id": "59", "change_message": "", "user": 1, "content_type": 11}, "model": "admin.logentry", "pk": 126}, {"fields": {"action_flag": 1, "action_time": "2014-11-04T20:23:20.124Z", "object_repr": "Pregunta 18 > 2: Planes finales efectuados o gestiones finalizadas", "object_id": "60", "change_message": "", "user": 1, "content_type": 11}, "model": "admin.logentry", "pk": 127}, {"fields": {"action_flag": 1, "action_time": "2014-11-04T20:23:53.184Z", "object_repr": "Pregunta 19 > 0: Ideas expresadas abiertamente", "object_id": "61", "change_message": "", "user": 1, "content_type": 11}, "model": "admin.logentry", "pk": 128}, {"fields": {"action_flag": 1, "action_time": "2014-11-04T20:24:08.516Z", "object_repr": "Pregunta 19 > 1: Ideas reservadas", "object_id": "62", "change_message": "", "user": 1, "content_type": 11}, "model": "admin.logentry", "pk": 129}, {"fields": {"action_flag": 1, "action_time": "2014-11-04T20:24:24.131Z", "object_repr": "Pregunta 19 > 2: Intento de enga\u00f1ar, mentir, encubrir", "object_id": "63", "change_message": "", "user": 1, "content_type": 11}, "model": "admin.logentry", "pk": 130}, {"fields": {"action_flag": 3, "action_time": "2014-11-05T03:21:28.345Z", "object_repr": "Person object", "object_id": "5", "change_message": "", "user": 1, "content_type": 7}, "model": "admin.logentry", "pk": 131}, {"fields": {"action_flag": 3, "action_time": "2014-11-05T03:21:28.349Z", "object_repr": "Person object", "object_id": "4", "change_message": "", "user": 1, "content_type": 7}, "model": "admin.logentry", "pk": 132}, {"fields": {"action_flag": 3, "action_time": "2014-11-05T03:21:28.352Z", "object_repr": "Person object", "object_id": "3", "change_message": "", "user": 1, "content_type": 7}, "model": "admin.logentry", "pk": 133}, {"fields": {"action_flag": 3, "action_time": "2014-11-05T03:21:28.355Z", "object_repr": "Person object", "object_id": "2", "change_message": "", "user": 1, "content_type": 7}, "model": "admin.logentry", "pk": 134}]